Thigh Angle,Shin Angle,Knee Angle,Phase
-7,3,10,Stance
-7,3,10,Stance
-7,3,10,Stance
-8,3,10,Stance
-8,3,10,Stance
-8,3,10,Stance
-8,2,10,Stance
-8,2,10,Stance
-8,2,10,Stance
-8,2,10,Stance
-8,2,10,Stance
-8,2,10,Stance
-8,2,10,Stance
-8,2,10,Stance
-8,2,11,Stance
-8,2,11,Stance
-9,2,11,Stance
-9,2,11,Stance
-9,2,11,Stance
-9,2,11,Stance
-9,2,11,Stance
-9,2,11,Stance
-9,2,11,Stance
-9,2,11,Stance
-9,2,11,Stance
-9,2,11,Stance
-9,2,11,Stance
-9,2,11,Stance
-9,2,11,Stance
-9,2,11,Stance
-9,2,11,Stance
-9,2,11,Stance
-9,2,11,Stance
-9,2,11,Stance
-9,2,11,Stance
-9,2,11,Stance
-9,2,11,Stance
-9,2,11,Stance
-9,2,11,Stance
-9,2,11,Stance
-9,2,11,Stance
-9,2,11,Stance
-9,3,11,Stance
-9,3,11,Stance
-9,3,11,Stance
-9,3,11,Stance
-8,3,11,Stance
-8,3,11,Stance
-8,3,11,Stance
-8,3,11,Stance
-8,3,11,Stance
-8,3,11,Stance
-8,3,11,Stance
-8,3,11,Stance
-8,3,11,Stance
-8,3,11,Stance
-8,3,11,Stance
-8,3,11,Stance
-8,3,11,Stance
-8,3,11,Stance
-8,3,11,Stance
-8,3,11,Stance
-8,3,11,Stance
-8,4,11,Stance
-8,4,11,Stance
-8,4,11,Stance
-8,4,11,Stance
-8,4,11,Stance
-8,4,11,Stance
-8,4,11,Stance
-8,4,11,Stance
-8,4,11,Stance
-7,4,11,Stance
-7,4,11,Stance
-7,4,11,Stance
-7,4,11,Stance
-7,4,11,Stance
-7,4,11,Stance
-7,4,11,Stance
-7,4,11,Stance
-7,4,11,Stance
-7,4,11,Stance
-7,4,11,Stance
-7,4,11,Stance
-7,4,11,Stance
-7,4,11,Stance
-7,4,11,Stance
-7,4,11,Stance
-7,4,11,Stance
-7,4,11,Stance
-7,4,11,Stance
-7,4,11,Stance
-7,4,11,Stance
-7,4,11,Stance
-7,4,11,Stance
-7,5,11,Stance
-7,5,11,Stance
-7,5,11,Stance
-7,5,11,Stance
-7,5,11,Stance
-7,5,11,Stance
-7,5,11,Stance
-7,5,11,Stance
-7,5,11,Stance
-7,5,11,Stance
-7,5,11,Stance
-7,5,11,Stance
-7,5,11,Stance
-7,5,11,Stance
-7,5,11,Stance
-7,5,11,Stance
-7,5,11,Stance
-7,5,11,Stance
-7,5,11,Stance
-7,5,11,Stance
-7,5,11,Stance
-7,5,11,Stance
-7,5,11,Stance
-7,5,11,Stance
-7,5,11,Stance
-7,5,11,Stance
-7,5,11,Stance
-7,5,12,Stance
-7,5,12,Stance
-7,5,12,Stance
-7,5,12,Stance
-7,5,12,Stance
-7,5,12,Stance
-7,5,12,Stance
-7,5,12,Stance
-6,5,12,Stance
-6,5,12,Stance
-6,5,12,Stance
-6,5,12,Stance
-6,5,12,Stance
-6,5,12,Stance
-6,5,12,Stance
-6,5,12,Stance
-6,5,12,Stance
-6,5,12,Stance
-6,5,12,Stance
-6,5,12,Stance
-6,5,12,Stance
-6,5,12,Stance
-6,5,12,Stance
-6,5,12,Stance
-6,5,12,Stance
-6,5,12,Stance
-6,5,12,Stance
-6,5,12,Stance
-6,5,12,Stance
-6,5,12,Stance
-6,5,12,Stance
-6,5,12,Stance
-6,5,12,Stance
-6,5,12,Stance
-6,5,12,Stance
-6,5,12,Stance
-6,5,12,Stance
-6,5,12,Stance
-6,5,12,Stance
-6,5,12,Stance
-6,5,12,Stance
-6,5,12,Stance
-6,5,12,Stance
-6,5,12,Stance
-6,5,12,Stance
-6,5,12,Stance
-6,5,12,Stance
-6,5,12,Stance
-6,5,12,Stance
-6,5,12,Stance
-6,5,12,Stance
-6,5,12,Stance
-6,5,12,Stance
-6,5,12,Stance
-6,5,12,Stance
-6,5,12,Stance
-6,5,12,Stance
-6,5,12,Stance
-6,5,12,Stance
-6,5,12,Stance
-6,5,12,Stance
-6,5,12,Stance
-6,5,12,Stance
-6,5,12,Stance
-6,5,12,Stance
-6,5,12,Stance
-6,5,12,Stance
-6,5,12,Stance
-6,5,12,Stance
-6,5,12,Stance
-6,5,12,Stance
-6,5,12,Stance
-6,5,12,Stance
-6,5,12,Stance
-6,5,12,Stance
-6,5,12,Stance
-6,5,12,Stance
-6,5,12,Stance
-6,5,12,Stance
-6,5,12,Stance
-6,5,12,Stance
-6,5,12,Stance
-6,5,12,Stance
-6,5,12,Stance
-6,5,12,Stance
-6,5,12,Stance
-6,5,12,Stance
-6,5,12,Stance
-6,5,12,Stance
-6,5,12,Stance
-6,5,12,Stance
-6,5,12,Stance
-6,5,12,Stance
-6,5,12,Stance
-6,5,12,Stance
-6,5,12,Stance
-6,5,12,Stance
-6,5,12,Stance
-6,5,12,Stance
-6,5,12,Stance
-6,5,12,Stance
-6,5,12,Stance
-6,5,12,Stance
-6,5,12,Stance
-6,5,12,Stance
-6,5,12,Stance
-6,5,12,Stance
-6,5,12,Stance
-6,5,12,Stance
-6,5,12,Stance
-6,5,12,Stance
-6,5,12,Stance
-6,5,12,Stance
-6,5,12,Stance
-6,5,12,Stance
-6,5,12,Stance
-6,5,12,Stance
-6,5,12,Stance
-6,5,12,Stance
-6,6,12,Stance
-6,6,12,Stance
-6,6,12,Stance
-6,6,12,Stance
-6,6,12,Stance
-6,6,12,Stance
-6,6,12,Stance
-6,6,12,Stance
-6,6,12,Stance
-6,6,12,Stance
-6,6,12,Stance
-6,6,12,Stance
-6,5,12,Stance
-6,5,12,Stance
-6,5,11,Stance
-6,5,11,Stance
-6,5,11,Stance
-6,5,11,Stance
-6,5,11,Stance
-6,5,11,Stance
-6,5,11,Stance
-6,5,11,Stance
-6,5,12,Stance
-6,5,12,Stance
-6,5,12,Stance
-6,5,12,Stance
-6,5,12,Stance
-6,5,12,Stance
-6,5,12,Stance
-7,5,12,Stance
-7,5,12,Stance
-7,5,12,Stance
-7,5,12,Stance
-7,5,12,Stance
-7,5,12,Stance
-7,5,12,Stance
-7,5,12,Stance
-7,5,12,Stance
-7,5,12,Stance
-7,5,12,Stance
-7,5,12,Stance
-7,5,12,Stance
-7,5,12,Stance
-7,5,12,Stance
-7,5,12,Stance
-7,5,12,Stance
-7,5,12,Stance
-7,5,12,Stance
-7,5,12,Stance
-7,5,12,Stance
-7,5,12,Stance
-7,5,12,Stance
-7,5,12,Stance
-7,5,12,Stance
-7,5,12,Stance
-7,5,12,Stance
-7,5,12,Stance
-7,5,12,Stance
-7,5,12,Stance
-7,5,12,Stance
-7,5,12,Stance
-7,5,12,Stance
-7,5,12,Stance
-7,5,12,Stance
-7,5,12,Stance
-7,5,12,Stance
-7,5,12,Stance
-7,5,12,Stance
-7,5,12,Stance
-7,5,12,Stance
-7,5,12,Stance
-7,5,12,Stance
-7,5,12,Stance
-7,5,12,Stance
-7,5,12,Stance
-7,5,12,Stance
-7,5,12,Stance
-7,5,12,Stance
-7,5,12,Stance
-7,5,12,Stance
-7,5,12,Stance
-7,5,12,Stance
-7,5,12,Stance
-7,5,12,Stance
-7,5,12,Stance
-7,5,12,Stance
-7,5,12,Stance
-7,5,12,Stance
-7,5,12,Stance
-7,5,12,Stance
-7,5,12,Stance
-7,5,12,Stance
-7,5,12,Stance
-7,5,12,Stance
-7,5,12,Stance
-7,5,12,Stance
-7,5,12,Stance
-7,5,12,Stance
-7,5,12,Stance
-7,5,12,Stance
-7,5,12,Stance
-7,5,12,Stance
-7,5,12,Stance
-7,5,12,Stance
-7,5,12,Stance
-7,5,12,Stance
-7,5,12,Stance
-7,5,12,Stance
-7,5,12,Stance
-7,5,12,Stance
-7,5,12,Stance
-7,5,12,Stance
-7,5,12,Stance
-7,5,12,Stance
-7,5,12,Stance
-7,5,12,Stance
-7,5,12,Stance
-7,5,12,Stance
-7,5,12,Stance
-7,5,12,Stance
-7,5,12,Stance
-7,5,12,Stance
-7,5,12,Stance
-7,5,12,Stance
-7,5,12,Stance
-7,5,12,Stance
-7,5,12,Stance
-7,4,12,Stance
-7,4,12,Stance
-7,4,12,Stance
-7,4,12,Stance
-7,4,12,Stance
-7,4,12,Stance
-7,4,12,Stance
-7,4,12,Stance
-7,4,12,Stance
-7,4,12,Stance
-7,4,12,Stance
-7,4,12,Stance
-7,4,12,Stance
-7,4,12,Stance
-7,4,12,Stance
-7,4,12,Stance
-7,4,12,Stance
-7,4,12,Stance
-7,4,12,Stance
-7,4,12,Stance
-7,4,12,Stance
-7,4,12,Stance
-7,4,12,Stance
-7,4,12,Stance
-8,4,12,Stance
-8,4,12,Stance
-8,4,12,Stance
-8,4,12,Stance
-8,4,12,Stance
-8,4,12,Stance
-8,4,12,Stance
-8,4,12,Stance
-8,4,12,Stance
-8,4,12,Stance
-8,4,12,Stance
-8,4,12,Stance
-8,4,12,Stance
-8,4,12,Stance
-8,4,12,Stance
-8,3,12,Stance
-8,3,12,Stance
-8,3,12,Stance
-8,3,12,Stance
-8,3,12,Stance
-8,3,12,Stance
-8,3,12,Stance
-8,3,12,Stance
-9,3,12,Stance
-9,3,12,Stance
-9,3,12,Stance
-9,3,12,Stance
-9,3,12,Stance
-9,3,12,Stance
-9,3,12,Stance
-9,3,12,Stance
-9,3,12,Stance
-9,3,12,Stance
-9,3,12,Stance
-9,2,12,Stance
-9,2,12,Stance
-9,2,12,Stance
-9,2,12,Stance
-9,2,12,Stance
-9,2,12,Stance
-10,2,12,Stance
-10,2,12,Stance
-10,2,12,Stance
-10,2,12,Stance
-10,2,12,Stance
-10,2,12,Stance
-10,2,12,Stance
-10,2,12,Stance
-10,2,12,Stance
-10,2,12,Stance
-10,1,12,Stance
-10,1,12,Stance
-10,1,12,Stance
-10,1,12,Stance
-10,1,12,Stance
-11,1,12,Stance
-11,1,12,Stance
-11,1,12,Stance
-11,1,12,Stance
-11,1,12,Stance
-11,1,12,Stance
-11,1,12,Stance
-11,1,12,Stance
-11,0,12,Stance
-11,0,12,Stance
-11,0,12,Stance
-11,0,12,Stance
-12,0,12,Stance
-12,0,12,Stance
-12,0,12,Stance
-12,0,12,Stance
-12,0,12,Stance
-12,0,12,Stance
-12,0,12,Stance
-12,0,12,Stance
-12,0,12,Stance
-12,-1,12,Stance
-12,-1,12,Stance
-12,-1,12,Stance
-12,-1,12,Stance
-13,-1,12,Stance
-13,-1,12,Stance
-13,-1,12,Stance
-13,-1,12,Stance
-13,-1,12,Stance
-13,-1,12,Stance
-13,-1,12,Stance
-13,-1,12,Stance
-13,-1,12,Stance
-13,-1,12,Stance
-13,-1,12,Stance
-13,-1,12,Stance
-13,-2,12,Stance
-13,-2,12,Stance
-13,-2,12,Stance
-13,-2,12,Stance
-14,-2,12,Stance
-14,-2,12,Stance
-14,-2,12,Stance
-14,-2,12,Stance
-14,-2,12,Stance
-14,-2,12,Stance
-14,-2,12,Stance
-14,-2,12,Stance
-14,-2,12,Stance
-14,-2,12,Stance
-14,-2,12,Stance
-14,-2,12,Stance
-14,-2,12,Stance
-14,-2,12,Stance
-14,-2,12,Stance
-14,-2,12,Stance
-14,-2,12,Stance
-14,-2,12,Stance
-14,-3,12,Stance
-14,-3,12,Stance
-14,-3,12,Stance
-14,-3,12,Stance
-14,-3,12,Stance
-14,-3,12,Stance
-14,-3,12,Stance
-14,-3,12,Stance
-15,-3,12,Stance
-15,-3,12,Stance
-15,-3,12,Stance
-15,-3,12,Stance
-15,-3,12,Stance
-15,-3,12,Stance
-15,-3,12,Stance
-15,-3,12,Stance
-15,-3,12,Stance
-15,-3,12,Stance
-15,-3,12,Stance
-15,-3,12,Stance
-15,-3,12,Stance
-15,-3,12,Stance
-15,-3,12,Stance
-15,-3,12,Stance
-15,-3,12,Stance
-15,-3,12,Stance
-15,-3,12,Stance
-15,-3,12,Stance
-15,-3,12,Stance
-15,-3,12,Stance
-15,-3,12,Stance
-15,-3,12,Stance
-15,-3,12,Stance
-15,-3,12,Stance
-15,-3,12,Stance
-15,-3,12,Stance
-15,-3,12,Stance
-15,-3,12,Stance
-15,-3,12,Stance
-15,-3,12,Stance
-15,-3,12,Stance
-15,-3,12,Stance
-15,-3,12,Stance
-15,-3,12,Stance
-15,-3,12,Stance
-15,-3,12,Stance
-15,-3,12,Stance
-15,-3,12,Stance
-15,-3,12,Stance
-15,-3,12,Stance
-15,-3,12,Stance
-15,-3,12,Stance
-15,-3,12,Stance
-15,-3,12,Stance
-15,-3,12,Stance
-15,-4,12,Stance
-15,-4,12,Stance
-15,-4,12,Stance
-15,-4,12,Stance
-15,-4,12,Stance
-15,-4,12,Stance
-15,-4,12,Stance
-15,-4,12,Stance
-15,-4,12,Stance
-15,-4,12,Stance
-15,-4,12,Stance
-15,-4,12,Stance
-15,-4,12,Stance
-15,-4,12,Stance
-15,-4,12,Stance
-15,-4,12,Stance
-15,-4,12,Stance
-15,-4,12,Stance
-15,-4,12,Stance
-15,-4,12,Stance
-15,-4,12,Stance
-15,-4,12,Stance
-15,-4,12,Stance
-15,-4,12,Stance
-15,-3,12,Stance
-15,-4,12,Stance
-15,-4,12,Stance
-15,-4,12,Stance
-15,-4,12,Stance
-15,-4,12,Stance
-15,-4,12,Stance
-15,-4,12,Stance
-15,-4,12,Stance
-15,-4,12,Stance
-15,-4,12,Stance
-15,-4,12,Stance
-15,-4,12,Stance
-15,-4,12,Stance
-16,-4,12,Stance
-16,-4,12,Stance
-16,-4,12,Stance
-16,-4,12,Stance
-16,-4,12,Stance
-16,-4,12,Stance
-16,-4,12,Stance
-16,-4,12,Stance
-16,-4,12,Stance
-16,-4,12,Stance
-16,-4,12,Stance
-16,-4,12,Stance
-16,-4,12,Stance
-16,-4,12,Stance
-16,-4,12,Stance
-16,-4,12,Stance
-16,-4,12,Stance
-16,-4,12,Stance
-16,-4,12,Stance
-16,-4,12,Stance
-16,-4,12,Stance
-16,-4,12,Stance
-16,-4,12,Stance
-16,-4,12,Stance
-16,-4,12,Stance
-16,-4,12,Stance
-16,-4,12,Stance
-16,-4,12,Stance
-16,-4,12,Stance
-16,-4,12,Stance
-16,-4,12,Stance
-16,-4,12,Stance
-16,-4,12,Stance
-16,-4,12,Stance
-16,-4,12,Stance
-16,-4,12,Stance
-16,-4,12,Stance
-16,-4,12,Stance
-16,-4,12,Stance
-16,-4,12,Stance
-16,-4,12,Stance
-16,-4,12,Stance
-16,-4,12,Stance
-16,-4,12,Stance
-16,-4,12,Stance
-16,-4,12,Stance
-16,-4,12,Stance
-16,-4,12,Stance
-16,-4,12,Stance
-16,-4,12,Stance
-16,-4,12,Stance
-16,-4,12,Stance
-16,-4,12,Stance
-16,-4,12,Stance
-16,-4,12,Stance
-16,-4,12,Stance
-16,-4,12,Stance
-16,-4,12,Stance
-16,-4,12,Stance
-16,-4,12,Stance
-16,-4,12,Stance
-16,-4,12,Stance
-16,-4,12,Stance
-16,-4,11,Stance
-16,-4,11,Stance
-16,-4,11,Stance
-16,-4,11,Stance
-16,-4,11,Stance
-16,-4,11,Stance
-16,-4,11,Stance
-16,-4,11,Stance
-16,-4,11,Stance
-16,-4,11,Stance
-16,-4,11,Stance
-16,-4,11,Stance
-16,-4,11,Stance
-16,-4,11,Stance
-16,-5,11,Stance
-16,-5,11,Stance
-16,-5,11,Stance
-16,-5,11,Stance
-16,-5,11,Stance
-16,-5,11,Stance
-16,-5,11,Stance
-16,-5,11,Stance
-16,-5,11,Stance
-16,-5,11,Stance
-16,-5,11,Stance
-16,-5,11,Stance
-16,-5,11,Stance
-16,-5,11,Stance
-16,-5,11,Stance
-17,-5,11,Stance
-17,-5,11,Stance
-17,-5,11,Stance
-17,-5,11,Stance
-17,-5,11,Stance
-17,-5,11,Stance
-17,-5,11,Stance
-17,-6,11,Stance
-17,-6,11,Stance
-17,-6,11,Stance
-17,-6,11,Stance
-17,-6,11,Stance
-17,-6,11,Stance
-17,-6,11,Stance
-17,-6,11,Stance
-17,-6,11,Stance
-17,-6,11,Stance
-17,-6,11,Stance
-17,-6,11,Stance
-17,-6,11,Stance
-18,-6,11,Stance
-18,-6,11,Stance
-18,-6,11,Stance
-18,-6,11,Stance
-18,-6,11,Stance
-18,-6,11,Stance
-18,-6,11,Stance
-18,-6,11,Stance
-18,-7,11,Stance
-18,-7,11,Stance
-18,-7,11,Stance
-18,-7,11,Stance
-18,-7,11,Stance
-18,-7,11,Stance
-18,-7,11,Stance
-18,-7,11,Stance
-18,-7,11,Stance
-18,-7,11,Stance
-19,-7,11,Stance
-19,-7,11,Stance
-19,-7,11,Stance
-19,-7,11,Stance
-19,-7,11,Stance
-19,-7,11,Stance
-19,-7,11,Stance
-19,-7,11,Stance
-19,-7,11,Stance
-19,-7,11,Stance
-19,-7,11,Stance
-19,-7,11,Stance
-19,-7,11,Stance
-19,-7,11,Stance
-19,-8,11,Stance
-19,-8,11,Stance
-19,-8,11,Stance
-19,-8,11,Stance
-19,-8,11,Stance
-19,-8,11,Stance
-19,-8,11,Stance
-19,-8,11,Stance
-19,-8,11,Stance
-19,-8,11,Stance
-19,-8,11,Stance
-19,-8,11,Stance
-20,-8,11,Stance
-20,-8,11,Stance
-20,-8,12,Stance
-20,-8,12,Stance
-20,-8,12,Stance
-20,-8,12,Stance
-20,-8,12,Stance
-20,-8,12,Stance
-20,-8,12,Stance
-20,-8,12,Stance
-20,-8,12,Stance
-20,-8,12,Stance
-20,-8,12,Stance
-20,-8,12,Stance
-20,-8,12,Stance
-20,-8,12,Stance
-20,-8,12,Stance
-20,-9,12,Stance
-20,-9,12,Stance
-20,-9,12,Stance
-20,-9,12,Stance
-20,-9,12,Stance
-20,-9,12,Stance
-20,-9,12,Stance
-20,-9,12,Stance
-20,-9,12,Stance
-20,-9,12,Stance
-20,-9,12,Stance
-20,-9,12,Stance
-20,-9,12,Stance
-20,-9,11,Stance
-20,-9,11,Stance
-20,-9,11,Stance
-20,-9,11,Stance
-20,-9,11,Stance
-20,-9,11,Stance
-20,-9,11,Stance
-20,-9,11,Stance
-20,-9,11,Stance
-20,-9,11,Stance
-20,-9,11,Stance
-20,-9,11,Stance
-20,-9,12,Stance
-20,-9,12,Stance
-20,-9,12,Stance
-20,-9,12,Stance
-20,-9,12,Stance
-20,-9,12,Stance
-20,-9,12,Stance
-20,-9,11,Stance
-20,-9,11,Stance
-20,-9,11,Stance
-20,-9,11,Stance
-20,-9,11,Stance
-20,-9,11,Stance
-20,-9,11,Stance
-20,-9,11,Stance
-20,-9,11,Stance
-20,-9,11,Stance
-20,-9,12,Stance
-20,-9,12,Stance
-20,-9,12,Stance
-20,-9,12,Stance
-20,-9,12,Stance
-20,-9,12,Stance
-20,-8,11,Stance
-20,-8,11,Stance
-20,-8,11,Stance
-20,-8,11,Stance
-20,-8,11,Stance
-20,-8,11,Stance
-20,-8,11,Stance
-20,-8,11,Stance
-20,-8,11,Stance
-20,-8,11,Stance
-20,-8,11,Stance
-20,-8,11,Stance
-20,-8,11,Stance
-20,-8,11,Stance
-20,-8,11,Stance
-20,-8,11,Stance
-20,-8,11,Stance
-20,-8,11,Stance
-20,-8,11,Stance
-20,-8,11,Stance
-20,-8,12,Stance
-20,-8,12,Stance
-20,-8,11,Stance
-20,-8,11,Stance
-20,-8,11,Stance
-20,-8,11,Stance
-20,-8,11,Stance
-19,-8,11,Stance
-19,-8,11,Stance
-19,-8,11,Stance
-19,-8,11,Stance
-19,-8,12,Stance
-19,-8,11,Stance
-19,-8,11,Stance
-19,-8,11,Stance
-19,-8,11,Stance
-19,-8,11,Stance
-19,-8,11,Stance
-19,-8,11,Stance
-19,-8,11,Stance
-19,-8,11,Stance
-19,-8,11,Stance
-19,-8,11,Stance
-19,-8,11,Stance
-19,-8,11,Stance
-19,-8,11,Stance
-19,-8,11,Stance
-19,-8,11,Stance
-19,-8,11,Stance
-19,-8,11,Stance
-19,-8,11,Stance
-19,-8,11,Stance
-19,-8,11,Stance
-19,-7,11,Stance
-19,-7,11,Stance
-19,-7,12,Stance
-19,-8,12,Stance
-19,-8,12,Stance
-19,-8,12,Stance
-19,-8,12,Stance
-20,-8,12,Stance
-20,-8,12,Stance
-20,-8,12,Stance
-20,-8,12,Stance
-20,-8,12,Stance
-20,-8,12,Stance
-20,-8,12,Stance
-20,-8,12,Stance
-20,-8,12,Stance
-20,-8,12,Stance
-20,-8,12,Stance
-20,-8,12,Stance
-20,-8,12,Stance
-20,-8,12,Stance
-20,-8,12,Stance
-20,-8,12,Stance
-20,-8,12,Stance
-20,-8,12,Stance
-20,-8,12,Stance
-20,-8,12,Stance
-20,-8,12,Stance
-20,-8,12,Stance
-20,-9,12,Stance
-20,-9,12,Stance
-20,-9,12,Stance
-20,-9,12,Stance
-20,-9,12,Stance
-20,-8,12,Stance
-20,-8,12,Stance
-20,-8,12,Stance
-20,-8,12,Stance
-20,-8,12,Stance
-20,-8,12,Stance
-20,-8,12,Stance
-20,-8,12,Stance
-20,-8,12,Stance
-20,-8,12,Stance
-20,-8,12,Stance
-20,-8,12,Stance
-20,-8,12,Stance
-20,-8,12,Stance
-20,-8,12,Stance
-20,-8,12,Stance
-20,-8,12,Stance
-19,-8,12,Stance
-19,-7,12,Stance
-19,-7,12,Stance
-19,-7,12,Stance
-19,-7,12,Stance
-19,-7,12,Stance
-19,-7,12,Stance
-19,-7,12,Stance
-19,-7,12,Stance
-18,-7,12,Stance
-18,-7,12,Stance
-18,-7,12,Stance
-18,-7,12,Stance
-18,-7,12,Stance
-18,-7,12,Stance
-18,-6,12,Stance
-18,-6,12,Stance
-18,-6,12,Stance
-18,-6,12,Stance
-18,-6,12,Stance
-18,-6,12,Stance
-17,-6,12,Stance
-17,-6,12,Stance
-17,-6,12,Stance
-17,-6,12,Stance
-17,-6,11,Stance
-17,-6,11,Stance
-17,-6,11,Stance
-17,-6,11,Stance
-17,-6,12,Stance
-17,-6,12,Stance
-17,-6,12,Stance
-17,-6,12,Stance
-18,-6,12,Stance
-18,-6,12,Stance
-18,-6,12,Stance
-18,-6,12,Stance
-18,-6,12,Stance
-18,-6,12,Stance
-18,-6,12,Stance
-18,-6,12,Stance
-18,-7,12,Stance
-18,-7,12,Stance
-18,-7,12,Stance
-18,-7,12,Stance
-18,-7,12,Stance
-19,-7,12,Stance
-19,-7,12,Stance
-19,-7,12,Stance
-19,-7,12,Stance
-19,-7,12,Stance
-19,-7,12,Stance
-19,-8,12,Stance
-19,-8,12,Stance
-19,-8,12,Stance
-20,-8,12,Stance
-20,-8,12,Stance
-20,-8,12,Stance
-20,-8,12,Stance
-20,-8,12,Stance
-20,-8,12,Stance
-20,-8,12,Stance
-20,-8,12,Stance
-20,-8,12,Stance
-20,-8,12,Stance
-20,-8,12,Stance
-20,-8,12,Stance
-20,-8,12,Stance
-20,-8,12,Stance
-20,-8,12,Stance
-20,-8,12,Stance
-20,-9,12,Stance
-20,-9,12,Stance
-20,-9,12,Stance
-20,-9,12,Stance
-20,-9,12,Stance
-20,-9,12,Stance
-21,-9,12,Stance
-21,-9,12,Stance
-21,-9,12,Stance
-21,-9,12,Stance
-21,-9,12,Stance
-21,-9,12,Stance
-21,-9,12,Stance
-21,-9,12,Stance
-21,-9,12,Stance
-21,-9,12,Stance
-21,-9,12,Stance
-21,-9,12,Stance
-21,-9,12,Stance
-21,-9,12,Stance
-21,-9,12,Stance
-21,-9,12,Stance
-21,-10,12,Stance
-21,-10,12,Stance
-21,-10,12,Stance
-21,-10,12,Stance
-21,-10,12,Stance
-21,-10,12,Stance
-22,-10,12,Stance
-22,-10,12,Stance
-22,-10,12,Stance
-22,-10,12,Stance
-22,-10,12,Stance
-22,-10,12,Stance
-22,-10,12,Stance
-22,-10,12,Stance
-22,-10,12,Stance
-22,-10,12,Stance
-22,-10,12,Stance
-22,-10,12,Stance
-22,-10,12,Stance
-22,-10,12,Stance
-22,-10,12,Stance
-22,-10,12,Stance
-22,-10,12,Stance
-22,-10,12,Stance
-22,-10,12,Stance
-22,-11,12,Stance
-22,-11,12,Stance
-22,-11,12,Stance
-22,-11,12,Stance
-23,-11,12,Stance
-23,-11,12,Stance
-23,-11,12,Stance
-23,-11,12,Stance
-23,-11,12,Stance
-23,-11,12,Stance
-23,-11,12,Stance
-23,-11,12,Stance
-23,-11,12,Stance
-23,-11,12,Stance
-23,-11,12,Stance
-23,-11,12,Stance
-23,-11,12,Stance
-23,-11,12,Stance
-23,-11,12,Stance
-23,-11,12,Stance
-23,-11,12,Stance
-23,-11,12,Stance
-23,-11,12,Stance
-23,-11,12,Stance
-23,-11,12,Stance
-23,-11,12,Stance
-23,-11,12,Stance
-23,-11,12,Stance
-23,-11,12,Stance
-23,-11,12,Stance
-23,-11,12,Stance
-23,-11,12,Stance
-23,-11,12,Stance
-23,-11,12,Stance
-23,-11,12,Stance
-23,-11,12,Stance
-23,-11,12,Stance
-23,-11,12,Stance
-23,-11,12,Stance
-23,-11,12,Stance
-23,-11,12,Stance
-23,-11,12,Stance
-23,-11,12,Stance
-23,-11,12,Stance
-23,-11,12,Stance
-23,-11,12,Stance
-23,-11,12,Stance
-23,-11,12,Stance
-23,-11,12,Stance
-23,-11,12,Stance
-23,-11,12,Stance
-23,-11,12,Stance
-23,-11,12,Stance
-23,-11,12,Stance
-23,-11,12,Stance
-23,-11,12,Stance
-23,-11,12,Stance
-23,-11,12,Stance
-23,-11,12,Stance
-23,-11,12,Stance
-23,-11,12,Stance
-23,-11,12,Stance
-23,-11,12,Stance
-23,-11,12,Stance
-23,-11,12,Stance
-23,-11,12,Stance
-23,-11,12,Stance
-23,-11,12,Stance
-23,-11,12,Stance
-23,-12,12,Stance
-23,-12,12,Stance
-23,-12,12,Stance
-23,-12,12,Stance
-23,-12,12,Stance
-23,-12,12,Stance
-23,-12,12,Stance
-23,-12,12,Stance
-23,-12,12,Stance
-23,-12,12,Stance
-23,-12,12,Stance
-23,-12,12,Stance
-24,-12,12,Stance
-24,-12,12,Stance
-24,-12,12,Stance
-24,-12,12,Stance
-24,-12,12,Stance
-24,-12,12,Stance
-24,-12,12,Stance
-24,-12,12,Stance
-24,-12,12,Stance
-24,-12,12,Stance
-24,-12,12,Stance
-24,-12,12,Stance
-24,-12,12,Stance
-24,-12,12,Stance
-24,-12,12,Stance
-24,-12,12,Stance
-24,-12,12,Stance
-24,-12,12,Stance
-24,-12,12,Stance
-24,-12,12,Stance
-24,-12,12,Stance
-24,-12,12,Stance
-24,-12,12,Stance
-24,-12,12,Stance
-24,-12,12,Stance
-24,-12,12,Stance
-24,-12,12,Stance
-24,-12,12,Stance
-24,-12,12,Stance
-24,-12,12,Stance
-24,-12,12,Stance
-24,-12,12,Stance
-24,-12,12,Stance
-24,-12,12,Stance
-24,-12,12,Stance
-24,-12,12,Stance
-24,-12,12,Stance
-24,-12,12,Stance
-24,-12,12,Stance
-24,-12,12,Stance
-24,-12,12,Stance
-24,-12,12,Stance
-24,-12,12,Stance
-24,-12,12,Stance
-24,-12,12,Stance
-24,-12,12,Stance
-24,-12,12,Stance
-24,-12,12,Stance
-24,-12,12,Stance
-24,-12,12,Stance
-24,-12,12,Stance
-24,-12,12,Stance
-24,-12,12,Stance
-24,-12,12,Stance
-24,-12,12,Stance
-24,-12,12,Stance
-24,-12,12,Stance
-24,-12,12,Stance
-24,-12,12,Stance
-24,-12,12,Stance
-24,-12,12,Stance
-24,-12,12,Stance
-24,-12,12,Stance
-24,-12,12,Stance
-24,-12,12,Stance
-24,-12,12,Stance
-24,-12,12,Stance
-24,-12,12,Stance
-24,-12,12,Stance
-24,-12,12,Stance
-24,-12,12,Stance
-24,-12,12,Stance
-24,-12,12,Stance
-24,-12,12,Stance
-24,-12,12,Stance
-24,-12,12,Stance
-24,-12,12,Stance
-24,-12,12,Stance
-24,-12,12,Stance
-24,-12,12,Stance
-24,-12,12,Stance
-24,-12,12,Stance
-24,-12,12,Stance
-24,-12,12,Stance
-24,-12,12,Stance
-24,-12,12,Stance
-24,-12,12,Stance
-24,-12,12,Stance
-24,-12,12,Stance
-24,-12,12,Stance
-24,-12,12,Stance
-24,-12,12,Stance
-24,-12,12,Stance
-24,-12,12,Stance
-24,-12,12,Stance
-24,-12,12,Stance
-24,-12,12,Stance
-24,-12,12,Stance
-24,-12,12,Stance
-24,-12,12,Stance
-24,-12,12,Stance
-24,-12,12,Stance
-24,-12,12,Stance
-24,-12,12,Stance
-24,-12,12,Stance
-24,-12,12,Stance
-24,-12,12,Stance
-24,-12,12,Stance
-24,-12,12,Stance
-24,-12,12,Stance
-24,-12,12,Stance
-24,-12,12,Stance
-24,-12,12,Stance
-24,-12,12,Stance
-24,-12,12,Stance
-24,-12,12,Stance
-24,-12,12,Stance
-24,-12,12,Stance
-24,-12,12,Stance
-24,-12,12,Stance
-24,-12,12,Stance
-24,-12,12,Stance
-24,-12,12,Stance
-24,-12,12,Stance
-24,-12,12,Stance
-24,-12,12,Stance
-24,-12,12,Stance
-24,-12,12,Stance
-24,-12,12,Stance
-24,-12,12,Stance
-24,-12,12,Stance
-24,-12,12,Stance
-24,-12,12,Stance
-24,-12,12,Stance
-24,-12,12,Stance
-24,-12,12,Stance
-24,-12,12,Stance
-24,-12,12,Stance
-24,-12,12,Stance
-24,-12,12,Stance
-24,-12,12,Stance
-24,-12,12,Stance
-24,-12,12,Stance
-24,-12,12,Stance
-24,-12,12,Stance
-24,-12,12,Stance
-24,-12,12,Stance
-24,-12,12,Stance
-24,-12,12,Stance
-24,-12,12,Stance
-24,-12,12,Stance
-24,-12,12,Stance
-24,-12,12,Stance
-24,-12,12,Stance
-24,-12,12,Stance
-24,-12,12,Stance
-24,-12,12,Stance
-24,-12,12,Stance
-24,-12,12,Stance
-24,-12,12,Stance
-24,-12,12,Stance
-24,-12,12,Stance
-24,-12,12,Stance
-24,-12,12,Stance
-24,-12,12,Stance
-24,-12,12,Stance
-24,-12,12,Stance
-24,-12,12,Stance
-24,-12,12,Stance
-24,-12,12,Stance
-24,-12,12,Stance
-24,-12,12,Stance
-24,-12,12,Stance
-24,-12,12,Stance
-24,-12,12,Stance
-24,-12,12,Stance
-24,-12,12,Stance
-24,-12,12,Stance
-24,-12,12,Stance
-24,-12,12,Stance
-24,-12,12,Stance
-24,-12,12,Stance
-24,-12,12,Stance
-24,-12,12,Stance
-24,-12,12,Stance
-24,-12,12,Stance
-24,-12,12,Stance
-24,-12,12,Stance
-24,-12,12,Stance
-24,-12,12,Stance
-24,-11,12,Stance
-24,-11,12,Stance
-24,-11,12,Stance
-23,-11,12,Stance
-23,-11,12,Stance
-23,-11,12,Stance
-23,-11,12,Stance
-23,-11,12,Stance
-23,-11,12,Stance
-23,-11,12,Stance
-23,-11,12,Stance
-23,-11,12,Stance
-23,-11,12,Stance
-23,-10,12,Stance
-23,-10,12,Stance
-22,-10,12,Stance
-22,-10,12,Stance
-22,-10,12,Stance
-22,-10,12,Stance
-22,-9,12,Stance
-21,-9,12,Stance
-21,-9,12,Stance
-21,-9,12,Stance
-21,-9,12,Stance
-21,-9,12,Stance
-21,-9,12,Stance
-20,-8,12,Stance
-20,-8,12,Stance
-20,-8,12,Stance
-20,-8,12,Stance
-20,-8,12,Stance
-20,-8,12,Stance
-19,-7,12,Stance
-19,-7,12,Stance
-19,-7,12,Stance
-19,-7,12,Stance
-19,-7,12,Stance
-18,-6,12,Stance
-18,-6,12,Stance
-18,-6,12,Stance
-18,-6,12,Stance
-18,-6,12,Stance
-17,-5,12,Stance
-17,-5,12,Stance
-17,-5,12,Stance
-17,-5,12,Stance
-17,-5,12,Stance
-16,-4,12,Stance
-16,-4,12,Stance
-16,-4,12,Stance
-16,-4,12,Stance
-16,-4,12,Stance
-15,-3,12,Stance
-15,-3,12,Stance
-15,-3,12,Stance
-15,-3,12,Stance
-15,-3,12,Stance
-14,-2,12,Stance
-14,-2,12,Stance
-14,-2,12,Stance
-14,-2,12,Stance
-13,-2,12,Stance
-13,-1,12,Stance
-13,-1,12,Stance
-13,-1,12,Stance
-13,-1,12,Stance
-13,-1,12,Stance
-12,0,12,Stance
-12,0,12,Stance
-12,0,12,Stance
-12,0,12,Stance
-12,0,12,Stance
-11,0,12,Stance
-11,1,12,Stance
-11,1,12,Stance
-11,1,12,Stance
-11,1,12,Stance
-11,1,12,Stance
-10,1,12,Stance
-10,2,12,Stance
-10,2,12,Stance
-10,2,12,Stance
-10,2,12,Stance
-10,2,12,Stance
-10,2,12,Stance
-9,2,12,Stance
-9,3,12,Stance
-9,3,12,Stance
-9,3,12,Stance
-9,3,12,Stance
-9,3,12,Stance
-9,3,12,Stance
-9,3,12,Stance
-8,4,12,Stance
-8,4,12,Stance
-8,4,12,Stance
-8,4,12,Stance
-8,4,12,Stance
-8,4,12,Stance
-8,4,12,Stance
-7,5,12,Stance
-7,5,12,Stance
-7,5,12,Stance
-7,5,12,Stance
-7,5,12,Stance
-7,5,12,Stance
-7,5,12,Stance
-7,5,12,Stance
-7,5,12,Stance
-7,6,12,Stance
-6,6,12,Stance
-6,6,12,Stance
-6,6,12,Stance
-6,6,12,Stance
-6,6,12,Stance
-6,6,12,Stance
-6,7,12,Stance
-5,7,12,Stance
-5,7,12,Stance
-5,7,12,Stance
-5,7,12,Stance
-5,8,12,Stance
-4,8,12,Stance
-4,8,12,Stance
-4,8,12,Stance
-4,8,12,Stance
-4,9,12,Stance
1,48,47,Initial_Swing
1,48,47,Initial_Swing
1,49,47,Initial_Swing
1,49,47,Initial_Swing
1,49,47,Initial_Swing
1,49,47,Initial_Swing
1,49,47,Initial_Swing
1,49,47,Initial_Swing
1,49,47,Initial_Swing
1,50,47,Initial_Swing
1,50,47,Initial_Swing
1,50,47,Initial_Swing
1,50,47,Initial_Swing
1,50,47,Initial_Swing
1,50,47,Initial_Swing
1,50,47,Initial_Swing
1,51,47,Initial_Swing
1,51,47,Initial_Swing
1,51,47,Initial_Swing
1,51,47,Initial_Swing
1,51,47,Initial_Swing
1,51,47,Initial_Swing
1,51,47,Initial_Swing
1,51,47,Initial_Swing
1,51,47,Initial_Swing
1,51,47,Initial_Swing
1,52,47,Initial_Swing
1,52,47,Initial_Swing
1,52,47,Initial_Swing
1,52,47,Initial_Swing
1,52,47,Initial_Swing
1,52,47,Initial_Swing
1,52,47,Initial_Swing
1,52,47,Initial_Swing
1,52,47,Initial_Swing
1,52,47,Initial_Swing
1,52,47,Initial_Swing
1,53,47,Initial_Swing
1,53,47,Initial_Swing
1,53,47,Initial_Swing
1,53,47,Initial_Swing
1,53,47,Initial_Swing
1,53,47,Initial_Swing
1,53,47,Initial_Swing
1,53,47,Initial_Swing
1,53,47,Initial_Swing
1,53,47,Initial_Swing
1,53,47,Initial_Swing
1,53,47,Initial_Swing
1,53,47,Initial_Swing
1,53,47,Initial_Swing
1,54,47,Initial_Swing
1,54,47,Initial_Swing
1,54,47,Initial_Swing
1,54,47,Initial_Swing
1,54,47,Initial_Swing
1,54,47,Initial_Swing
1,54,47,Initial_Swing
1,54,47,Initial_Swing
1,54,47,Initial_Swing
1,54,47,Initial_Swing
1,54,47,Initial_Swing
1,54,47,Initial_Swing
1,54,47,Initial_Swing
1,54,47,Initial_Swing
1,54,47,Initial_Swing
1,54,47,Initial_Swing
1,54,47,Initial_Swing
1,54,47,Initial_Swing
1,54,47,Initial_Swing
1,55,47,Initial_Swing
2,55,47,Initial_Swing
2,55,47,Initial_Swing
2,55,47,Initial_Swing
2,55,47,Initial_Swing
2,55,47,Initial_Swing
2,55,47,Initial_Swing
2,55,47,Initial_Swing
2,55,47,Initial_Swing
2,55,47,Initial_Swing
2,55,47,Initial_Swing
2,55,47,Initial_Swing
2,55,47,Initial_Swing
2,55,47,Initial_Swing
2,55,47,Initial_Swing
2,55,47,Initial_Swing
2,55,47,Initial_Swing
2,55,47,Initial_Swing
2,55,47,Initial_Swing
2,55,47,Initial_Swing
2,55,47,Initial_Swing
2,55,47,Initial_Swing
2,55,47,Initial_Swing
2,55,47,Initial_Swing
2,55,47,Initial_Swing
2,55,47,Initial_Swing
2,55,47,Initial_Swing
2,55,47,Initial_Swing
2,55,47,Initial_Swing
2,55,47,Initial_Swing
2,55,47,Initial_Swing
2,56,47,Initial_Swing
2,56,47,Initial_Swing
2,56,47,Initial_Swing
2,56,47,Initial_Swing
2,56,47,Initial_Swing
2,56,47,Initial_Swing
2,56,47,Initial_Swing
2,56,47,Initial_Swing
2,56,47,Initial_Swing
2,56,47,Initial_Swing
2,56,47,Initial_Swing
2,56,47,Initial_Swing
2,56,47,Initial_Swing
2,56,47,Initial_Swing
2,56,47,Initial_Swing
2,56,47,Initial_Swing
2,56,47,Initial_Swing
2,56,47,Initial_Swing
2,56,47,Initial_Swing
2,56,47,Initial_Swing
2,56,47,Initial_Swing
2,56,47,Initial_Swing
2,56,47,Initial_Swing
2,56,47,Initial_Swing
2,56,47,Initial_Swing
2,56,47,Initial_Swing
2,56,47,Initial_Swing
2,56,47,Initial_Swing
2,56,47,Initial_Swing
2,56,47,Initial_Swing
2,56,47,Initial_Swing
2,56,47,Initial_Swing
2,56,47,Initial_Swing
2,56,47,Initial_Swing
2,56,47,Initial_Swing
2,56,47,Initial_Swing
2,56,47,Initial_Swing
2,56,47,Initial_Swing
2,56,47,Initial_Swing
2,56,47,Initial_Swing
2,56,47,Initial_Swing
2,56,47,Initial_Swing
2,56,47,Initial_Swing
2,56,47,Initial_Swing
2,56,47,Initial_Swing
2,56,47,Initial_Swing
2,56,47,Initial_Swing
2,56,47,Initial_Swing
2,56,47,Initial_Swing
2,56,47,Initial_Swing
2,56,47,Initial_Swing
2,56,47,Initial_Swing
2,56,47,Initial_Swing
2,56,47,Initial_Swing
2,56,47,Initial_Swing
2,56,47,Initial_Swing
2,56,47,Initial_Swing
2,56,47,Initial_Swing
2,56,47,Initial_Swing
2,56,47,Initial_Swing
2,56,47,Initial_Swing
2,56,47,Initial_Swing
2,56,47,Initial_Swing
2,56,47,Initial_Swing
2,56,47,Initial_Swing
2,56,47,Initial_Swing
2,56,47,Initial_Swing
2,56,47,Initial_Swing
2,56,47,Initial_Swing
2,56,47,Initial_Swing
2,56,47,Initial_Swing
2,56,47,Initial_Swing
2,57,47,Initial_Swing
2,57,47,Initial_Swing
2,57,47,Initial_Swing
2,56,47,Initial_Swing
2,56,47,Initial_Swing
2,56,47,Initial_Swing
2,56,47,Initial_Swing
2,56,47,Initial_Swing
2,56,47,Initial_Swing
2,56,47,Initial_Swing
2,56,47,Initial_Swing
2,56,47,Initial_Swing
2,56,47,Initial_Swing
2,56,47,Initial_Swing
2,56,47,Initial_Swing
2,56,47,Initial_Swing
2,56,47,Initial_Swing
2,56,47,Initial_Swing
2,56,47,Initial_Swing
2,56,47,Initial_Swing
2,56,47,Initial_Swing
2,56,47,Initial_Swing
2,56,47,Initial_Swing
2,56,47,Initial_Swing
2,56,47,Initial_Swing
2,56,47,Initial_Swing
2,56,47,Initial_Swing
2,56,47,Initial_Swing
2,56,47,Initial_Swing
2,56,47,Initial_Swing
2,56,47,Initial_Swing
2,56,47,Initial_Swing
2,56,47,Initial_Swing
2,56,47,Initial_Swing
2,56,47,Initial_Swing
2,56,47,Initial_Swing
2,56,47,Initial_Swing
2,56,47,Initial_Swing
2,56,47,Initial_Swing
2,56,47,Initial_Swing
2,56,47,Initial_Swing
2,56,47,Initial_Swing
2,56,47,Initial_Swing
2,56,47,Initial_Swing
2,56,47,Initial_Swing
2,56,47,Initial_Swing
2,56,47,Initial_Swing
2,56,47,Initial_Swing
2,56,47,Initial_Swing
2,56,47,Initial_Swing
2,56,47,Initial_Swing
2,56,47,Initial_Swing
2,56,47,Initial_Swing
2,56,47,Initial_Swing
2,56,47,Initial_Swing
2,56,47,Initial_Swing
2,56,47,Initial_Swing
2,56,47,Initial_Swing
2,56,47,Initial_Swing
2,56,47,Initial_Swing
2,56,47,Initial_Swing
2,56,47,Initial_Swing
2,56,47,Initial_Swing
2,56,47,Initial_Swing
2,56,47,Initial_Swing
2,56,47,Initial_Swing
2,56,47,Initial_Swing
2,56,47,Initial_Swing
2,56,47,Initial_Swing
2,56,47,Initial_Swing
2,56,47,Initial_Swing
2,56,47,Initial_Swing
2,56,47,Initial_Swing
2,56,47,Initial_Swing
2,56,47,Initial_Swing
2,56,47,Initial_Swing
2,56,47,Initial_Swing
2,56,47,Initial_Swing
2,56,47,Initial_Swing
2,56,47,Initial_Swing
2,56,47,Initial_Swing
2,56,47,Initial_Swing
2,56,47,Initial_Swing
2,56,47,Initial_Swing
2,56,47,Initial_Swing
1,56,47,Initial_Swing
1,56,47,Initial_Swing
1,56,47,Initial_Swing
1,56,47,Initial_Swing
1,56,47,Initial_Swing
1,56,47,Initial_Swing
1,56,47,Initial_Swing
1,56,47,Initial_Swing
1,56,47,Initial_Swing
1,56,47,Initial_Swing
1,56,47,Initial_Swing
1,56,47,Initial_Swing
1,56,47,Initial_Swing
1,56,47,Initial_Swing
2,56,47,Initial_Swing
2,56,47,Initial_Swing
2,56,47,Initial_Swing
2,56,47,Initial_Swing
2,56,47,Initial_Swing
2,56,47,Initial_Swing
2,56,47,Initial_Swing
2,56,47,Initial_Swing
2,56,47,Initial_Swing
2,56,47,Initial_Swing
2,56,47,Initial_Swing
2,56,47,Initial_Swing
2,56,47,Initial_Swing
2,56,47,Initial_Swing
2,56,47,Initial_Swing
2,56,47,Initial_Swing
2,56,47,Initial_Swing
2,56,47,Initial_Swing
2,56,47,Initial_Swing
2,56,47,Initial_Swing
2,56,47,Initial_Swing
2,56,47,Initial_Swing
2,56,47,Initial_Swing
2,56,47,Initial_Swing
2,56,47,Initial_Swing
2,56,47,Initial_Swing
2,56,47,Initial_Swing
2,56,47,Initial_Swing
2,56,47,Initial_Swing
2,56,47,Initial_Swing
2,56,47,Initial_Swing
2,56,47,Initial_Swing
2,56,47,Initial_Swing
2,56,47,Initial_Swing
2,56,47,Initial_Swing
2,56,47,Initial_Swing
2,56,47,Initial_Swing
2,56,47,Initial_Swing
2,56,47,Initial_Swing
2,56,47,Initial_Swing
2,56,47,Initial_Swing
2,56,47,Initial_Swing
2,56,47,Initial_Swing
2,56,47,Initial_Swing
2,56,47,Initial_Swing
2,56,47,Initial_Swing
2,56,47,Initial_Swing
2,56,47,Initial_Swing
2,56,47,Initial_Swing
2,56,47,Initial_Swing
2,56,47,Initial_Swing
2,56,47,Initial_Swing
2,56,47,Initial_Swing
2,56,47,Initial_Swing
2,56,47,Initial_Swing
2,56,47,Initial_Swing
2,56,47,Initial_Swing
2,56,47,Initial_Swing
2,56,47,Initial_Swing
2,56,47,Initial_Swing
2,56,47,Initial_Swing
2,56,47,Initial_Swing
2,56,47,Initial_Swing
2,56,47,Initial_Swing
2,56,47,Initial_Swing
2,56,47,Initial_Swing
2,56,47,Initial_Swing
2,56,47,Initial_Swing
2,56,47,Initial_Swing
2,56,47,Initial_Swing
2,56,47,Initial_Swing
2,56,47,Initial_Swing
2,56,47,Initial_Swing
2,56,47,Initial_Swing
2,56,47,Initial_Swing
2,56,47,Initial_Swing
2,56,47,Initial_Swing
2,56,47,Initial_Swing
2,56,47,Initial_Swing
2,56,47,Initial_Swing
2,56,47,Initial_Swing
2,56,47,Initial_Swing
2,56,47,Initial_Swing
2,56,47,Initial_Swing
2,56,47,Initial_Swing
2,56,47,Initial_Swing
2,56,47,Initial_Swing
2,56,47,Initial_Swing
2,56,47,Initial_Swing
2,56,47,Initial_Swing
2,56,47,Initial_Swing
2,56,47,Initial_Swing
2,56,47,Initial_Swing
2,56,47,Initial_Swing
2,56,47,Initial_Swing
2,56,47,Initial_Swing
2,56,47,Initial_Swing
2,56,47,Initial_Swing
2,56,47,Initial_Swing
2,56,47,Initial_Swing
2,56,47,Initial_Swing
2,56,47,Initial_Swing
2,56,47,Initial_Swing
2,56,47,Initial_Swing
2,56,47,Initial_Swing
2,56,47,Initial_Swing
2,56,47,Initial_Swing
2,56,47,Initial_Swing
2,56,47,Initial_Swing
2,56,47,Initial_Swing
2,56,47,Initial_Swing
2,56,47,Initial_Swing
2,56,47,Initial_Swing
2,56,47,Initial_Swing
2,56,47,Initial_Swing
2,56,47,Initial_Swing
2,56,47,Initial_Swing
2,56,47,Initial_Swing
2,56,47,Initial_Swing
2,56,47,Initial_Swing
2,56,47,Initial_Swing
2,56,47,Initial_Swing
2,56,47,Initial_Swing
2,56,47,Initial_Swing
2,56,47,Initial_Swing
2,56,47,Initial_Swing
2,56,47,Initial_Swing
2,56,47,Initial_Swing
2,56,47,Initial_Swing
2,56,47,Initial_Swing
2,56,47,Initial_Swing
2,56,47,Initial_Swing
2,56,47,Initial_Swing
2,56,47,Initial_Swing
2,56,47,Initial_Swing
2,56,47,Initial_Swing
3,56,47,Initial_Swing
3,56,47,Initial_Swing
3,56,47,Initial_Swing
3,56,47,Initial_Swing
3,56,47,Initial_Swing
3,56,47,Initial_Swing
3,56,47,Initial_Swing
3,56,47,Initial_Swing
3,56,47,Initial_Swing
3,56,47,Initial_Swing
3,56,47,Initial_Swing
3,56,47,Initial_Swing
2,56,47,Initial_Swing
2,56,47,Initial_Swing
2,56,47,Initial_Swing
2,56,47,Initial_Swing
2,56,47,Initial_Swing
2,56,47,Initial_Swing
2,56,47,Initial_Swing
2,56,47,Initial_Swing
2,56,47,Initial_Swing
2,56,47,Initial_Swing
2,56,47,Initial_Swing
2,56,47,Initial_Swing
2,56,47,Initial_Swing
3,56,47,Initial_Swing
3,56,47,Initial_Swing
3,56,47,Initial_Swing
3,56,47,Initial_Swing
3,56,47,Initial_Swing
3,56,47,Initial_Swing
3,56,47,Initial_Swing
3,56,47,Initial_Swing
3,56,47,Initial_Swing
3,56,47,Initial_Swing
3,56,47,Initial_Swing
3,56,47,Initial_Swing
3,56,47,Initial_Swing
3,56,47,Initial_Swing
3,56,47,Initial_Swing
3,56,47,Initial_Swing
3,56,47,Initial_Swing
3,56,47,Initial_Swing
3,56,47,Initial_Swing
3,56,47,Initial_Swing
3,56,47,Initial_Swing
2,56,47,Initial_Swing
2,56,47,Initial_Swing
2,56,47,Initial_Swing
2,56,47,Initial_Swing
2,55,47,Initial_Swing
2,55,47,Initial_Swing
2,55,47,Initial_Swing
2,55,47,Initial_Swing
2,55,47,Initial_Swing
2,55,47,Initial_Swing
2,55,47,Initial_Swing
2,55,47,Initial_Swing
2,55,47,Initial_Swing
2,55,47,Initial_Swing
2,55,47,Initial_Swing
2,55,47,Initial_Swing
2,55,47,Initial_Swing
2,54,47,Initial_Swing
1,54,47,Initial_Swing
1,54,47,Initial_Swing
1,54,47,Initial_Swing
1,54,47,Initial_Swing
1,54,47,Initial_Swing
1,54,47,Initial_Swing
1,54,47,Initial_Swing
1,54,47,Initial_Swing
1,54,47,Initial_Swing
1,54,47,Initial_Swing
1,54,47,Initial_Swing
1,53,47,Initial_Swing
1,53,47,Initial_Swing
1,53,47,Initial_Swing
1,53,47,Initial_Swing
1,53,47,Initial_Swing
1,53,47,Initial_Swing
1,53,47,Initial_Swing
1,53,47,Initial_Swing
0,53,47,Initial_Swing
0,53,47,Initial_Swing
0,53,47,Initial_Swing
0,52,47,Initial_Swing
0,52,47,Initial_Swing
0,52,47,Initial_Swing
0,52,47,Initial_Swing
0,52,47,Initial_Swing
0,52,47,Initial_Swing
0,52,47,Initial_Swing
0,52,47,Initial_Swing
0,52,47,Initial_Swing
0,52,47,Initial_Swing
0,52,47,Initial_Swing
0,51,47,Initial_Swing
0,51,47,Initial_Swing
0,51,47,Initial_Swing
0,51,47,Initial_Swing
0,51,47,Initial_Swing
0,51,47,Initial_Swing
0,51,47,Initial_Swing
-1,51,47,Initial_Swing
-1,51,47,Initial_Swing
-1,51,47,Initial_Swing
-1,51,47,Initial_Swing
-1,51,47,Initial_Swing
-1,51,47,Initial_Swing
-1,51,47,Initial_Swing
-1,51,47,Initial_Swing
-1,51,47,Initial_Swing
-1,51,47,Initial_Swing
-1,51,47,Initial_Swing
-1,51,47,Initial_Swing
-1,50,47,Initial_Swing
-1,50,47,Initial_Swing
-1,50,47,Initial_Swing
-1,50,47,Initial_Swing
-1,50,47,Initial_Swing
-1,50,47,Initial_Swing
-1,50,47,Initial_Swing
-1,50,47,Initial_Swing
-1,50,47,Initial_Swing
-1,50,47,Initial_Swing
-1,50,47,Initial_Swing
-1,50,47,Initial_Swing
-1,50,47,Initial_Swing
-1,50,47,Initial_Swing
-1,50,47,Initial_Swing
-1,50,47,Initial_Swing
-1,50,47,Initial_Swing
-1,50,47,Initial_Swing
-1,50,47,Initial_Swing
-1,50,47,Initial_Swing
-1,50,47,Initial_Swing
-1,50,47,Initial_Swing
-1,49,47,Initial_Swing
-1,49,47,Initial_Swing
-1,49,47,Initial_Swing
-1,49,47,Initial_Swing
-2,49,47,Initial_Swing
-2,49,47,Initial_Swing
-2,49,47,Initial_Swing
-2,49,47,Initial_Swing
-2,49,47,Initial_Swing
-2,49,47,Initial_Swing
-2,49,47,Initial_Swing
-2,49,47,Initial_Swing
-2,49,47,Initial_Swing
-2,49,47,Initial_Swing
-2,49,47,Initial_Swing
-2,49,47,Initial_Swing
-2,49,47,Initial_Swing
-2,49,47,Initial_Swing
-2,49,47,Initial_Swing
-2,49,47,Initial_Swing
-2,49,47,Initial_Swing
-2,49,47,Initial_Swing
-2,49,47,Initial_Swing
-2,49,47,Initial_Swing
-2,49,47,Initial_Swing
-2,49,47,Initial_Swing
-2,49,47,Initial_Swing
-2,49,47,Initial_Swing
-2,49,47,Initial_Swing
-2,49,47,Initial_Swing
-2,49,47,Initial_Swing
-2,49,47,Initial_Swing
-2,49,47,Initial_Swing
-2,49,47,Initial_Swing
-2,49,47,Initial_Swing
-2,49,47,Initial_Swing
-2,49,47,Initial_Swing
-2,49,47,Initial_Swing
-2,50,47,Initial_Swing
-1,50,47,Initial_Swing
-1,50,47,Initial_Swing
-1,50,47,Initial_Swing
-1,50,47,Initial_Swing
-1,50,47,Initial_Swing
-1,50,47,Initial_Swing
-1,50,47,Initial_Swing
-1,51,47,Initial_Swing
-1,51,47,Initial_Swing
-1,51,47,Initial_Swing
-1,51,47,Initial_Swing
-1,51,47,Initial_Swing
-1,51,47,Initial_Swing
-1,52,47,Initial_Swing
-1,52,47,Initial_Swing
-1,52,47,Initial_Swing
0,52,47,Initial_Swing
0,53,47,Initial_Swing
0,53,47,Initial_Swing
0,53,47,Initial_Swing
0,54,47,Initial_Swing
0,54,47,Initial_Swing
0,54,47,Initial_Swing
0,54,47,Initial_Swing
0,55,47,Initial_Swing
0,55,47,Initial_Swing
0,55,47,Initial_Swing
1,56,47,Initial_Swing
1,56,47,Initial_Swing
1,56,47,Initial_Swing
1,57,47,Initial_Swing
1,57,47,Initial_Swing
1,57,47,Initial_Swing
1,57,47,Initial_Swing
1,58,47,Initial_Swing
1,58,47,Initial_Swing
1,58,47,Initial_Swing
1,58,47,Initial_Swing
1,59,47,Initial_Swing
2,59,47,Initial_Swing
2,59,47,Initial_Swing
2,60,47,Initial_Swing
2,60,47,Initial_Swing
2,60,47,Initial_Swing
2,61,47,Initial_Swing
2,61,47,Initial_Swing
2,61,47,Initial_Swing
2,62,47,Initial_Swing
3,62,47,Initial_Swing
3,62,47,Initial_Swing
3,62,47,Initial_Swing
3,63,47,Initial_Swing
3,63,47,Initial_Swing
3,63,47,Initial_Swing
3,63,47,Initial_Swing
3,64,47,Initial_Swing
3,64,47,Initial_Swing
3,64,47,Initial_Swing
3,65,47,Initial_Swing
3,65,47,Initial_Swing
3,65,47,Initial_Swing
3,65,47,Initial_Swing
4,66,47,Initial_Swing
4,66,47,Initial_Swing
4,66,47,Initial_Swing
4,66,47,Initial_Swing
4,66,47,Initial_Swing
4,67,47,Initial_Swing
4,67,47,Initial_Swing
4,67,47,Initial_Swing
4,67,47,Initial_Swing
4,67,47,Initial_Swing
4,68,47,Initial_Swing
4,68,47,Initial_Swing
4,68,47,Initial_Swing
4,68,47,Initial_Swing
4,68,47,Initial_Swing
4,68,47,Initial_Swing
4,69,47,Initial_Swing
4,69,47,Initial_Swing
5,69,47,Initial_Swing
5,69,47,Initial_Swing
5,69,47,Initial_Swing
5,69,47,Initial_Swing
5,70,47,Initial_Swing
5,70,47,Initial_Swing
5,70,47,Initial_Swing
5,70,47,Initial_Swing
5,70,47,Initial_Swing
5,70,47,Initial_Swing
5,70,47,Initial_Swing
5,70,47,Initial_Swing
5,70,47,Initial_Swing
5,71,47,Initial_Swing
5,71,47,Initial_Swing
5,71,47,Initial_Swing
5,71,47,Initial_Swing
5,71,47,Initial_Swing
5,71,47,Initial_Swing
5,71,47,Initial_Swing
5,71,47,Initial_Swing
5,71,47,Initial_Swing
5,72,47,Initial_Swing
5,72,47,Initial_Swing
5,72,47,Initial_Swing
5,72,47,Initial_Swing
5,72,47,Initial_Swing
5,72,47,Initial_Swing
5,72,47,Initial_Swing
5,72,47,Initial_Swing
6,72,47,Initial_Swing
6,72,47,Initial_Swing
6,72,47,Initial_Swing
6,72,47,Initial_Swing
6,73,47,Initial_Swing
6,73,47,Initial_Swing
6,73,47,Initial_Swing
6,73,47,Initial_Swing
6,73,47,Initial_Swing
6,73,47,Initial_Swing
6,73,47,Initial_Swing
6,73,47,Initial_Swing
6,73,47,Initial_Swing
6,73,47,Initial_Swing
6,73,47,Initial_Swing
6,73,47,Initial_Swing
6,73,47,Initial_Swing
6,73,47,Initial_Swing
6,73,47,Initial_Swing
6,73,47,Initial_Swing
6,73,47,Initial_Swing
6,73,47,Initial_Swing
6,74,47,Initial_Swing
6,74,47,Initial_Swing
6,74,47,Initial_Swing
6,74,47,Initial_Swing
6,74,47,Initial_Swing
6,74,47,Initial_Swing
6,74,47,Initial_Swing
6,74,47,Initial_Swing
6,74,47,Initial_Swing
6,74,47,Initial_Swing
6,74,47,Initial_Swing
6,74,47,Initial_Swing
6,74,47,Initial_Swing
6,74,47,Initial_Swing
6,74,47,Initial_Swing
6,74,47,Initial_Swing
6,74,47,Initial_Swing
6,74,47,Initial_Swing
6,74,47,Initial_Swing
6,74,47,Initial_Swing
6,74,47,Initial_Swing
6,74,47,Initial_Swing
6,74,47,Initial_Swing
6,74,47,Initial_Swing
6,74,47,Initial_Swing
6,74,47,Initial_Swing
6,74,47,Initial_Swing
6,74,47,Initial_Swing
6,74,47,Initial_Swing
6,74,47,Initial_Swing
6,74,47,Initial_Swing
6,74,47,Initial_Swing
6,74,47,Initial_Swing
6,74,47,Initial_Swing
6,74,47,Initial_Swing
6,74,47,Initial_Swing
6,74,47,Initial_Swing
6,74,47,Initial_Swing
6,74,47,Initial_Swing
6,74,47,Initial_Swing
6,74,47,Initial_Swing
6,74,47,Initial_Swing
6,74,47,Initial_Swing
6,74,47,Initial_Swing
6,74,47,Initial_Swing
6,74,47,Initial_Swing
6,74,47,Initial_Swing
6,74,47,Initial_Swing
6,74,47,Initial_Swing
6,74,47,Initial_Swing
6,74,47,Initial_Swing
6,74,47,Initial_Swing
6,74,47,Initial_Swing
6,74,47,Initial_Swing
6,74,47,Initial_Swing
6,74,47,Initial_Swing
6,74,47,Initial_Swing
5,74,47,Initial_Swing
5,74,47,Initial_Swing
5,74,47,Initial_Swing
5,74,47,Initial_Swing
5,74,47,Initial_Swing
5,74,47,Initial_Swing
5,74,47,Initial_Swing
5,74,47,Initial_Swing
5,74,47,Initial_Swing
5,74,47,Initial_Swing
5,74,47,Initial_Swing
5,74,47,Initial_Swing
5,74,47,Initial_Swing
5,74,47,Initial_Swing
5,74,47,Initial_Swing
5,74,47,Initial_Swing
5,74,47,Initial_Swing
5,74,47,Initial_Swing
5,74,47,Initial_Swing
5,74,47,Initial_Swing
5,74,47,Initial_Swing
5,74,47,Initial_Swing
5,74,47,Initial_Swing
5,74,47,Initial_Swing
5,74,47,Initial_Swing
5,74,47,Initial_Swing
5,74,47,Initial_Swing
5,74,47,Initial_Swing
5,74,47,Initial_Swing
5,74,47,Initial_Swing
5,74,47,Initial_Swing
5,74,47,Initial_Swing
5,74,47,Initial_Swing
5,74,47,Initial_Swing
5,74,47,Initial_Swing
5,74,47,Initial_Swing
5,74,47,Initial_Swing
5,74,47,Initial_Swing
5,74,47,Initial_Swing
5,74,47,Initial_Swing
5,74,47,Initial_Swing
5,74,47,Initial_Swing
5,74,47,Initial_Swing
5,74,47,Initial_Swing
5,74,47,Initial_Swing
5,74,47,Initial_Swing
5,74,47,Initial_Swing
5,74,47,Initial_Swing
5,74,47,Initial_Swing
5,74,47,Initial_Swing
5,74,47,Initial_Swing
5,74,47,Initial_Swing
5,74,47,Initial_Swing
5,74,47,Initial_Swing
5,74,47,Initial_Swing
5,74,47,Initial_Swing
5,74,47,Initial_Swing
5,74,47,Initial_Swing
5,74,47,Initial_Swing
5,74,47,Initial_Swing
5,74,47,Initial_Swing
5,74,47,Initial_Swing
5,74,47,Initial_Swing
5,74,47,Initial_Swing
5,74,47,Initial_Swing
5,74,47,Initial_Swing
5,74,47,Initial_Swing
5,74,47,Initial_Swing
5,74,47,Initial_Swing
5,74,47,Initial_Swing
5,74,47,Initial_Swing
5,74,47,Initial_Swing
5,74,47,Initial_Swing
5,74,47,Initial_Swing
5,74,47,Initial_Swing
5,74,47,Initial_Swing
5,74,47,Initial_Swing
5,74,47,Initial_Swing
5,74,47,Initial_Swing
5,74,47,Initial_Swing
5,74,47,Initial_Swing
5,74,47,Initial_Swing
5,74,47,Initial_Swing
5,74,47,Initial_Swing
5,74,47,Initial_Swing
5,74,47,Initial_Swing
5,74,47,Initial_Swing
5,74,47,Initial_Swing
5,74,47,Initial_Swing
5,74,47,Initial_Swing
5,74,47,Initial_Swing
5,74,47,Initial_Swing
5,74,47,Initial_Swing
5,74,47,Initial_Swing
5,74,47,Initial_Swing
5,74,47,Initial_Swing
5,74,47,Initial_Swing
5,74,47,Initial_Swing
5,74,47,Initial_Swing
4,74,47,Initial_Swing
4,74,47,Initial_Swing
4,74,47,Initial_Swing
4,74,47,Initial_Swing
4,74,47,Initial_Swing
4,74,47,Initial_Swing
4,74,47,Initial_Swing
4,74,47,Initial_Swing
4,74,47,Initial_Swing
4,74,47,Initial_Swing
4,74,47,Initial_Swing
4,74,47,Initial_Swing
4,74,47,Initial_Swing
4,74,47,Initial_Swing
4,74,47,Initial_Swing
4,74,47,Initial_Swing
4,74,47,Initial_Swing
4,73,47,Initial_Swing
4,73,47,Initial_Swing
4,73,47,Initial_Swing
4,73,47,Initial_Swing
4,73,47,Initial_Swing
4,73,47,Initial_Swing
4,73,47,Initial_Swing
4,73,47,Initial_Swing
4,73,47,Initial_Swing
4,73,47,Initial_Swing
4,73,47,Initial_Swing
4,73,47,Initial_Swing
4,73,47,Initial_Swing
4,73,47,Initial_Swing
4,73,47,Initial_Swing
4,73,47,Initial_Swing
4,73,47,Initial_Swing
4,73,47,Initial_Swing
4,73,47,Initial_Swing
4,73,47,Initial_Swing
4,73,47,Initial_Swing
4,73,47,Initial_Swing
4,73,47,Initial_Swing
4,73,47,Initial_Swing
4,73,47,Initial_Swing
4,73,47,Initial_Swing
4,73,47,Initial_Swing
4,73,47,Initial_Swing
4,73,47,Initial_Swing
4,72,47,Initial_Swing
4,72,47,Initial_Swing
4,72,47,Initial_Swing
4,72,47,Initial_Swing
3,72,47,Initial_Swing
3,72,47,Initial_Swing
3,72,47,Initial_Swing
3,72,47,Initial_Swing
3,72,47,Initial_Swing
3,72,47,Initial_Swing
3,71,47,Initial_Swing
3,71,47,Initial_Swing
3,71,47,Initial_Swing
3,71,47,Initial_Swing
3,71,47,Initial_Swing
3,71,47,Initial_Swing
3,71,47,Initial_Swing
3,70,47,Initial_Swing
3,70,47,Initial_Swing
3,70,47,Initial_Swing
3,70,47,Initial_Swing
3,70,47,Initial_Swing
3,70,47,Initial_Swing
2,69,47,Initial_Swing
2,69,47,Initial_Swing
2,69,47,Initial_Swing
2,69,47,Initial_Swing
2,68,47,Initial_Swing
2,68,47,Initial_Swing
2,68,47,Initial_Swing
2,68,47,Initial_Swing
2,67,47,Initial_Swing
2,67,47,Initial_Swing
2,67,47,Initial_Swing
2,67,47,Initial_Swing
1,66,47,Initial_Swing
1,66,47,Initial_Swing
1,66,47,Initial_Swing
1,66,47,Initial_Swing
1,65,47,Initial_Swing
1,65,47,Initial_Swing
1,65,47,Initial_Swing
1,65,47,Initial_Swing
1,64,47,Initial_Swing
1,64,47,Initial_Swing
1,64,47,Initial_Swing
1,64,47,Initial_Swing
1,63,47,Initial_Swing
0,63,47,Initial_Swing
0,63,47,Initial_Swing
0,63,47,Initial_Swing
0,62,47,Initial_Swing
0,62,47,Initial_Swing
0,62,47,Initial_Swing
0,62,47,Initial_Swing
0,62,47,Initial_Swing
0,61,47,Initial_Swing
0,61,47,Initial_Swing
0,61,47,Initial_Swing
0,61,47,Initial_Swing
0,61,47,Initial_Swing
0,60,47,Initial_Swing
0,60,47,Initial_Swing
0,60,47,Initial_Swing
0,60,47,Initial_Swing
0,60,47,Initial_Swing
0,59,47,Initial_Swing
0,59,47,Initial_Swing
0,59,47,Initial_Swing
-1,59,47,Initial_Swing
-1,59,47,Initial_Swing
-1,58,47,Initial_Swing
-1,58,47,Initial_Swing
-1,58,47,Initial_Swing
-1,58,47,Initial_Swing
-1,58,47,Initial_Swing
-1,58,47,Initial_Swing
-1,58,47,Initial_Swing
-1,57,47,Initial_Swing
-1,57,47,Initial_Swing
-1,57,47,Initial_Swing
-1,57,47,Initial_Swing
-1,57,47,Initial_Swing
-1,57,47,Initial_Swing
-1,57,47,Initial_Swing
-1,56,47,Initial_Swing
-1,56,47,Initial_Swing
-1,56,47,Initial_Swing
-1,56,47,Initial_Swing
-1,56,47,Initial_Swing
-1,56,47,Initial_Swing
-1,56,47,Initial_Swing
-1,56,47,Initial_Swing
-1,56,47,Initial_Swing
-1,55,47,Initial_Swing
-1,55,47,Initial_Swing
-1,55,47,Initial_Swing
-2,55,47,Initial_Swing
-2,55,47,Initial_Swing
-2,55,47,Initial_Swing
-2,55,47,Initial_Swing
-2,55,47,Initial_Swing
-2,55,47,Initial_Swing
-32,31,63,Mid_Swing
-32,31,63,Mid_Swing
-32,31,63,Mid_Swing
-32,31,63,Mid_Swing
-32,31,63,Mid_Swing
-32,31,63,Mid_Swing
-32,31,63,Mid_Swing
-32,31,63,Mid_Swing
-32,31,63,Mid_Swing
-32,31,63,Mid_Swing
-32,31,63,Mid_Swing
-32,31,63,Mid_Swing
-32,31,63,Mid_Swing
-32,31,63,Mid_Swing
-32,31,63,Mid_Swing
-32,31,63,Mid_Swing
-32,31,63,Mid_Swing
-32,31,63,Mid_Swing
-32,31,63,Mid_Swing
-32,31,63,Mid_Swing
-32,31,63,Mid_Swing
-32,31,63,Mid_Swing
-32,31,63,Mid_Swing
-32,31,63,Mid_Swing
-32,31,63,Mid_Swing
-32,31,63,Mid_Swing
-32,31,63,Mid_Swing
-32,31,63,Mid_Swing
-32,31,63,Mid_Swing
-32,31,63,Mid_Swing
-32,31,63,Mid_Swing
-32,31,63,Mid_Swing
-32,31,63,Mid_Swing
-32,31,63,Mid_Swing
-32,31,63,Mid_Swing
-32,31,63,Mid_Swing
-32,31,63,Mid_Swing
-32,31,63,Mid_Swing
-32,31,63,Mid_Swing
-32,31,64,Mid_Swing
-32,31,64,Mid_Swing
-33,31,64,Mid_Swing
-33,31,64,Mid_Swing
-33,31,64,Mid_Swing
-33,31,64,Mid_Swing
-33,31,64,Mid_Swing
-33,31,64,Mid_Swing
-33,31,64,Mid_Swing
-33,31,64,Mid_Swing
-33,31,64,Mid_Swing
-33,31,64,Mid_Swing
-33,31,64,Mid_Swing
-33,31,64,Mid_Swing
-33,31,64,Mid_Swing
-33,31,64,Mid_Swing
-33,31,64,Mid_Swing
-33,31,64,Mid_Swing
-33,31,64,Mid_Swing
-33,31,64,Mid_Swing
-33,31,64,Mid_Swing
-33,31,64,Mid_Swing
-33,31,64,Mid_Swing
-33,31,64,Mid_Swing
-33,31,64,Mid_Swing
-33,31,64,Mid_Swing
-33,31,64,Mid_Swing
-33,31,64,Mid_Swing
-33,31,64,Mid_Swing
-33,31,64,Mid_Swing
-33,31,64,Mid_Swing
-33,31,64,Mid_Swing
-33,31,64,Mid_Swing
-33,31,64,Mid_Swing
-33,31,64,Mid_Swing
-33,31,64,Mid_Swing
-33,31,64,Mid_Swing
-33,31,64,Mid_Swing
-33,31,64,Mid_Swing
-33,31,64,Mid_Swing
-33,31,64,Mid_Swing
-33,31,64,Mid_Swing
-33,31,64,Mid_Swing
-33,31,63,Mid_Swing
-33,31,63,Mid_Swing
-33,31,63,Mid_Swing
-33,31,63,Mid_Swing
-33,31,63,Mid_Swing
-33,31,63,Mid_Swing
-33,31,63,Mid_Swing
-33,31,63,Mid_Swing
-33,31,63,Mid_Swing
-33,31,63,Mid_Swing
-33,31,63,Mid_Swing
-33,31,63,Mid_Swing
-33,31,63,Mid_Swing
-33,30,63,Mid_Swing
-33,30,63,Mid_Swing
-33,30,63,Mid_Swing
-33,30,63,Mid_Swing
-33,30,63,Mid_Swing
-33,30,63,Mid_Swing
-33,30,63,Mid_Swing
-33,30,63,Mid_Swing
-33,30,63,Mid_Swing
-33,30,63,Mid_Swing
-33,30,63,Mid_Swing
-33,30,63,Mid_Swing
-33,30,63,Mid_Swing
-33,30,63,Mid_Swing
-33,30,63,Mid_Swing
-33,30,63,Mid_Swing
-33,30,63,Mid_Swing
-33,30,63,Mid_Swing
-33,30,63,Mid_Swing
-33,30,63,Mid_Swing
-33,30,63,Mid_Swing
-33,30,63,Mid_Swing
-33,30,63,Mid_Swing
-33,30,63,Mid_Swing
-33,30,63,Mid_Swing
-33,30,63,Mid_Swing
-33,30,63,Mid_Swing
-33,30,63,Mid_Swing
-33,30,63,Mid_Swing
-33,30,63,Mid_Swing
-33,30,63,Mid_Swing
-33,30,63,Mid_Swing
-33,30,63,Mid_Swing
-33,30,63,Mid_Swing
-33,30,63,Mid_Swing
-33,30,63,Mid_Swing
-33,30,63,Mid_Swing
-33,30,63,Mid_Swing
-33,30,63,Mid_Swing
-33,30,63,Mid_Swing
-33,30,63,Mid_Swing
-33,30,63,Mid_Swing
-33,30,63,Mid_Swing
-33,30,63,Mid_Swing
-33,30,63,Mid_Swing
-33,30,63,Mid_Swing
-33,30,63,Mid_Swing
-33,30,63,Mid_Swing
-33,30,63,Mid_Swing
-33,30,63,Mid_Swing
-33,30,63,Mid_Swing
-33,30,63,Mid_Swing
-33,30,63,Mid_Swing
-33,30,63,Mid_Swing
-33,30,63,Mid_Swing
-33,30,63,Mid_Swing
-33,30,63,Mid_Swing
-33,30,63,Mid_Swing
-33,30,63,Mid_Swing
-33,30,63,Mid_Swing
-33,30,63,Mid_Swing
-33,30,63,Mid_Swing
-33,30,63,Mid_Swing
-33,30,63,Mid_Swing
-33,30,63,Mid_Swing
-33,30,63,Mid_Swing
-33,30,63,Mid_Swing
-33,30,63,Mid_Swing
-33,30,63,Mid_Swing
-33,30,63,Mid_Swing
-33,30,63,Mid_Swing
-33,30,63,Mid_Swing
-33,30,63,Mid_Swing
-33,30,63,Mid_Swing
-33,30,63,Mid_Swing
-33,30,63,Mid_Swing
-33,30,62,Mid_Swing
-33,30,62,Mid_Swing
-33,30,62,Mid_Swing
-33,30,62,Mid_Swing
-33,30,62,Mid_Swing
-33,30,62,Mid_Swing
-33,30,62,Mid_Swing
-33,30,62,Mid_Swing
-33,30,62,Mid_Swing
-33,29,62,Mid_Swing
-33,29,62,Mid_Swing
-33,29,62,Mid_Swing
-33,29,62,Mid_Swing
-33,29,62,Mid_Swing
-33,29,62,Mid_Swing
-33,29,62,Mid_Swing
-33,29,62,Mid_Swing
-33,29,62,Mid_Swing
-33,29,62,Mid_Swing
-33,29,62,Mid_Swing
-33,29,62,Mid_Swing
-33,29,62,Mid_Swing
-33,29,62,Mid_Swing
-33,29,62,Mid_Swing
-33,29,62,Mid_Swing
-33,29,62,Mid_Swing
-32,29,61,Mid_Swing
-32,29,61,Mid_Swing
-32,29,61,Mid_Swing
-32,29,61,Mid_Swing
-32,29,61,Mid_Swing
-32,29,61,Mid_Swing
-32,29,61,Mid_Swing
-32,29,61,Mid_Swing
-32,28,61,Mid_Swing
-32,28,61,Mid_Swing
-32,28,61,Mid_Swing
-32,28,61,Mid_Swing
-32,28,61,Mid_Swing
-32,28,61,Mid_Swing
-32,28,60,Mid_Swing
-32,28,60,Mid_Swing
-32,28,60,Mid_Swing
-32,28,60,Mid_Swing
-32,28,60,Mid_Swing
-32,28,60,Mid_Swing
-32,28,60,Mid_Swing
-32,28,60,Mid_Swing
-32,28,60,Mid_Swing
-32,28,60,Mid_Swing
-32,28,60,Mid_Swing
-32,28,60,Mid_Swing
-32,28,60,Mid_Swing
-32,28,60,Mid_Swing
-32,28,59,Mid_Swing
-32,28,59,Mid_Swing
-32,28,59,Mid_Swing
-32,28,59,Mid_Swing
-32,28,59,Mid_Swing
-32,28,59,Mid_Swing
-32,28,59,Mid_Swing
-32,27,59,Mid_Swing
-32,27,59,Mid_Swing
-32,27,59,Mid_Swing
-31,27,59,Mid_Swing
-31,27,59,Mid_Swing
-31,27,59,Mid_Swing
-31,27,59,Mid_Swing
-31,27,59,Mid_Swing
-31,27,59,Mid_Swing
-31,27,58,Mid_Swing
-31,27,58,Mid_Swing
-31,27,58,Mid_Swing
-31,27,58,Mid_Swing
-31,27,58,Mid_Swing
-31,27,58,Mid_Swing
-31,27,58,Mid_Swing
-31,27,58,Mid_Swing
-31,27,58,Mid_Swing
-31,27,58,Mid_Swing
-31,27,58,Mid_Swing
-31,27,58,Mid_Swing
-31,27,58,Mid_Swing
-31,27,58,Mid_Swing
-31,27,58,Mid_Swing
-31,27,58,Mid_Swing
-31,27,58,Mid_Swing
-31,26,57,Mid_Swing
-31,26,57,Mid_Swing
-31,26,57,Mid_Swing
-31,26,57,Mid_Swing
-31,26,57,Mid_Swing
-31,26,57,Mid_Swing
-31,26,57,Mid_Swing
-31,26,57,Mid_Swing
-31,26,57,Mid_Swing
-31,26,57,Mid_Swing
-31,26,56,Mid_Swing
-31,26,56,Mid_Swing
-31,25,56,Mid_Swing
-31,25,56,Mid_Swing
-31,25,56,Mid_Swing
-31,25,56,Mid_Swing
-31,25,56,Mid_Swing
-31,25,55,Mid_Swing
-31,25,55,Mid_Swing
-31,24,55,Mid_Swing
-31,24,55,Mid_Swing
-31,24,55,Mid_Swing
-31,24,55,Mid_Swing
-30,24,54,Mid_Swing
-31,24,54,Mid_Swing
-31,24,54,Mid_Swing
-31,23,54,Mid_Swing
-31,23,54,Mid_Swing
-31,23,54,Mid_Swing
-31,23,53,Mid_Swing
-31,23,53,Mid_Swing
-31,22,53,Mid_Swing
-31,22,53,Mid_Swing
-31,22,53,Mid_Swing
-31,22,53,Mid_Swing
-31,22,52,Mid_Swing
-31,22,52,Mid_Swing
-31,21,52,Mid_Swing
-31,21,52,Mid_Swing
-31,21,52,Mid_Swing
-31,21,52,Mid_Swing
-31,21,51,Mid_Swing
-39,8,47,Terminal_Swing
-39,8,47,Terminal_Swing
-39,8,47,Terminal_Swing
-39,8,47,Terminal_Swing
-39,8,47,Terminal_Swing
-39,8,47,Terminal_Swing
-39,8,47,Terminal_Swing
-39,8,47,Terminal_Swing
-39,8,47,Terminal_Swing
-39,8,47,Terminal_Swing
-39,8,47,Terminal_Swing
-39,8,47,Terminal_Swing
-39,8,47,Terminal_Swing
-39,8,47,Terminal_Swing
-39,8,47,Terminal_Swing
-39,8,47,Terminal_Swing
-39,8,47,Terminal_Swing
-39,8,47,Terminal_Swing
-39,8,47,Terminal_Swing
-39,8,47,Terminal_Swing
-39,8,47,Terminal_Swing
-39,8,47,Terminal_Swing
-39,8,47,Terminal_Swing
-39,8,47,Terminal_Swing
-39,8,47,Terminal_Swing
-39,8,47,Terminal_Swing
-39,8,47,Terminal_Swing
-39,8,47,Terminal_Swing
-39,8,47,Terminal_Swing
-39,8,47,Terminal_Swing
-39,8,47,Terminal_Swing
-39,8,47,Terminal_Swing
-39,8,47,Terminal_Swing
-39,8,47,Terminal_Swing
-39,8,47,Terminal_Swing
-39,8,47,Terminal_Swing
-39,9,47,Terminal_Swing
-39,9,47,Terminal_Swing
-39,9,47,Terminal_Swing
-39,9,47,Terminal_Swing
-39,9,47,Terminal_Swing
-39,9,47,Terminal_Swing
-39,9,47,Terminal_Swing
-39,9,47,Terminal_Swing
-39,9,47,Terminal_Swing
-39,9,47,Terminal_Swing
-39,9,47,Terminal_Swing
-39,9,47,Terminal_Swing
-39,9,47,Terminal_Swing
-39,9,47,Terminal_Swing
-39,9,47,Terminal_Swing
-39,9,47,Terminal_Swing
-39,9,47,Terminal_Swing
-39,9,47,Terminal_Swing
-39,9,47,Terminal_Swing
-39,9,47,Terminal_Swing
-39,9,47,Terminal_Swing
-39,9,47,Terminal_Swing
-39,9,47,Terminal_Swing
-39,9,47,Terminal_Swing
-39,9,47,Terminal_Swing
-39,9,47,Terminal_Swing
-39,9,47,Terminal_Swing
-39,9,47,Terminal_Swing
-39,9,47,Terminal_Swing
-39,9,47,Terminal_Swing
-39,9,47,Terminal_Swing
-39,9,47,Terminal_Swing
-39,9,47,Terminal_Swing
-39,9,47,Terminal_Swing
-39,9,47,Terminal_Swing
-39,9,47,Terminal_Swing
-39,9,47,Terminal_Swing
-39,9,47,Terminal_Swing
-39,9,47,Terminal_Swing
-39,9,47,Terminal_Swing
-39,9,47,Terminal_Swing
-39,9,47,Terminal_Swing
-39,9,47,Terminal_Swing
-39,9,47,Terminal_Swing
-39,9,47,Terminal_Swing
-39,9,47,Terminal_Swing
-39,9,47,Terminal_Swing
-39,9,47,Terminal_Swing
-39,9,47,Terminal_Swing
-39,9,47,Terminal_Swing
-39,9,47,Terminal_Swing
-39,9,47,Terminal_Swing
-39,9,47,Terminal_Swing
-39,9,47,Terminal_Swing
-39,9,47,Terminal_Swing
-39,9,47,Terminal_Swing
-39,9,47,Terminal_Swing
-39,9,47,Terminal_Swing
-39,9,47,Terminal_Swing
-39,9,47,Terminal_Swing
-39,9,47,Terminal_Swing
-39,9,47,Terminal_Swing
-39,9,47,Terminal_Swing
-39,9,48,Terminal_Swing
-39,9,48,Terminal_Swing
-39,9,48,Terminal_Swing
-39,9,48,Terminal_Swing
-39,9,47,Terminal_Swing
-39,9,47,Terminal_Swing
-39,9,47,Terminal_Swing
-39,9,48,Terminal_Swing
-39,9,48,Terminal_Swing
-39,9,48,Terminal_Swing
-39,9,48,Terminal_Swing
-39,9,48,Terminal_Swing
-39,9,48,Terminal_Swing
-39,9,48,Terminal_Swing
-39,9,48,Terminal_Swing
-39,9,48,Terminal_Swing
-39,9,48,Terminal_Swing
-39,9,48,Terminal_Swing
-39,9,48,Terminal_Swing
-39,9,48,Terminal_Swing
-39,9,48,Terminal_Swing
-39,9,47,Terminal_Swing
-39,9,47,Terminal_Swing
-39,9,47,Terminal_Swing
-39,9,47,Terminal_Swing
-39,9,47,Terminal_Swing
-39,9,47,Terminal_Swing
-39,9,48,Terminal_Swing
-39,9,48,Terminal_Swing
-39,9,48,Terminal_Swing
-39,9,48,Terminal_Swing
-39,9,48,Terminal_Swing
-39,9,47,Terminal_Swing
-39,9,47,Terminal_Swing
-39,9,47,Terminal_Swing
-39,9,47,Terminal_Swing
-39,9,47,Terminal_Swing
-39,9,47,Terminal_Swing
-39,9,47,Terminal_Swing
-39,9,47,Terminal_Swing
-39,9,47,Terminal_Swing
-39,9,47,Terminal_Swing
-39,9,48,Terminal_Swing
-39,9,48,Terminal_Swing
-39,9,48,Terminal_Swing
-39,9,48,Terminal_Swing
-39,9,48,Terminal_Swing
-39,9,48,Terminal_Swing
-39,9,48,Terminal_Swing
-39,9,48,Terminal_Swing
-39,9,48,Terminal_Swing
-39,9,48,Terminal_Swing
-39,9,48,Terminal_Swing
-39,9,48,Terminal_Swing
-39,9,48,Terminal_Swing
-39,9,48,Terminal_Swing
-39,9,48,Terminal_Swing
-39,9,48,Terminal_Swing
-39,9,48,Terminal_Swing
-39,9,48,Terminal_Swing
-39,9,48,Terminal_Swing
-39,9,48,Terminal_Swing
-39,9,48,Terminal_Swing
-39,9,48,Terminal_Swing
-39,9,48,Terminal_Swing
-39,9,48,Terminal_Swing
-39,9,48,Terminal_Swing
-39,9,48,Terminal_Swing
-39,9,48,Terminal_Swing
-39,9,48,Terminal_Swing
-39,9,48,Terminal_Swing
-39,9,48,Terminal_Swing
-39,9,48,Terminal_Swing
-39,9,48,Terminal_Swing
-39,9,48,Terminal_Swing
-39,9,48,Terminal_Swing
-39,9,48,Terminal_Swing
-39,9,48,Terminal_Swing
-39,9,48,Terminal_Swing
-39,9,48,Terminal_Swing
-39,9,48,Terminal_Swing
-39,9,48,Terminal_Swing
-39,9,48,Terminal_Swing
-39,9,48,Terminal_Swing
-39,9,48,Terminal_Swing
-39,9,48,Terminal_Swing
-39,9,48,Terminal_Swing
-39,9,48,Terminal_Swing
-39,9,48,Terminal_Swing
-39,9,48,Terminal_Swing
-39,9,48,Terminal_Swing
-39,9,48,Terminal_Swing
-39,9,48,Terminal_Swing
-39,9,48,Terminal_Swing
-39,9,48,Terminal_Swing
-39,9,48,Terminal_Swing
-39,9,48,Terminal_Swing
-39,9,48,Terminal_Swing
-39,9,48,Terminal_Swing
-39,9,48,Terminal_Swing
-39,9,48,Terminal_Swing
-39,9,48,Terminal_Swing
-39,9,48,Terminal_Swing
-39,9,48,Terminal_Swing
-39,9,48,Terminal_Swing
-39,9,48,Terminal_Swing
-39,9,48,Terminal_Swing
-39,9,48,Terminal_Swing
-39,9,48,Terminal_Swing
-39,9,48,Terminal_Swing
-39,9,48,Terminal_Swing
-39,9,48,Terminal_Swing
-39,9,48,Terminal_Swing
-39,9,48,Terminal_Swing
-39,9,48,Terminal_Swing
-39,9,48,Terminal_Swing
-39,9,48,Terminal_Swing
-39,9,48,Terminal_Swing
-39,9,48,Terminal_Swing
-39,9,48,Terminal_Swing
-39,9,48,Terminal_Swing
-39,9,48,Terminal_Swing
-39,9,48,Terminal_Swing
-39,9,48,Terminal_Swing
-39,9,48,Terminal_Swing
-39,9,48,Terminal_Swing
-39,9,48,Terminal_Swing
-39,9,48,Terminal_Swing
-39,9,48,Terminal_Swing
-39,9,48,Terminal_Swing
-39,9,48,Terminal_Swing
-39,9,48,Terminal_Swing
-39,9,48,Terminal_Swing
-39,9,48,Terminal_Swing
-39,9,48,Terminal_Swing
-39,9,48,Terminal_Swing
-39,9,48,Terminal_Swing
-39,9,48,Terminal_Swing
-39,9,48,Terminal_Swing
-39,9,48,Terminal_Swing
-39,9,48,Terminal_Swing
-39,9,48,Terminal_Swing
-39,9,48,Terminal_Swing
-39,9,48,Terminal_Swing
-39,9,48,Terminal_Swing
-39,9,48,Terminal_Swing
-39,9,48,Terminal_Swing
-39,9,48,Terminal_Swing
-39,9,48,Terminal_Swing
-39,9,48,Terminal_Swing
-39,9,48,Terminal_Swing
-39,9,48,Terminal_Swing
-39,9,48,Terminal_Swing
-39,9,48,Terminal_Swing
-39,9,48,Terminal_Swing
-39,9,48,Terminal_Swing
-39,9,48,Terminal_Swing
-39,9,48,Terminal_Swing
-39,9,48,Terminal_Swing
-38,9,48,Terminal_Swing
-38,9,48,Terminal_Swing
-38,9,48,Terminal_Swing
-38,9,48,Terminal_Swing
-38,9,48,Terminal_Swing
-38,9,48,Terminal_Swing
-38,9,48,Terminal_Swing
-38,9,48,Terminal_Swing
-38,9,48,Terminal_Swing
-38,9,48,Terminal_Swing
-38,9,48,Terminal_Swing
-38,9,48,Terminal_Swing
-38,9,48,Terminal_Swing
-38,9,48,Terminal_Swing
-38,9,48,Terminal_Swing
-38,9,48,Terminal_Swing
-38,9,48,Terminal_Swing
-38,9,48,Terminal_Swing
-38,9,48,Terminal_Swing
-38,9,48,Terminal_Swing
-38,9,48,Terminal_Swing
-38,9,48,Terminal_Swing
-38,9,48,Terminal_Swing
-38,9,48,Terminal_Swing
-38,9,48,Terminal_Swing
-38,9,48,Terminal_Swing
-38,9,48,Terminal_Swing
-38,9,48,Terminal_Swing
-38,9,48,Terminal_Swing
-38,9,48,Terminal_Swing
-38,9,48,Terminal_Swing
-38,9,48,Terminal_Swing
-38,9,48,Terminal_Swing
-38,9,48,Terminal_Swing
-38,9,48,Terminal_Swing
-38,9,48,Terminal_Swing
-38,9,48,Terminal_Swing
-38,9,48,Terminal_Swing
-38,9,48,Terminal_Swing
-38,9,48,Terminal_Swing
-38,9,48,Terminal_Swing
-38,9,48,Terminal_Swing
-38,9,48,Terminal_Swing
-38,9,48,Terminal_Swing
-38,9,48,Terminal_Swing
-38,9,48,Terminal_Swing
-38,9,48,Terminal_Swing
-38,9,48,Terminal_Swing
-38,9,48,Terminal_Swing
-38,9,48,Terminal_Swing
-38,9,48,Terminal_Swing
-38,9,48,Terminal_Swing
-38,9,48,Terminal_Swing
-38,9,48,Terminal_Swing
-38,9,48,Terminal_Swing
-38,9,48,Terminal_Swing
-38,9,48,Terminal_Swing
-38,9,48,Terminal_Swing
-38,9,48,Terminal_Swing
-38,9,48,Terminal_Swing
-38,9,48,Terminal_Swing
-38,9,48,Terminal_Swing
-38,9,48,Terminal_Swing
-38,9,48,Terminal_Swing
-38,9,48,Terminal_Swing
-38,9,48,Terminal_Swing
-38,9,48,Terminal_Swing
-38,9,48,Terminal_Swing
-38,9,48,Terminal_Swing
-38,9,48,Terminal_Swing
-38,9,48,Terminal_Swing
-38,9,48,Terminal_Swing
-38,9,48,Terminal_Swing
-38,9,48,Terminal_Swing
-38,9,48,Terminal_Swing
-38,9,48,Terminal_Swing
-38,9,48,Terminal_Swing
-38,9,48,Terminal_Swing
-38,9,48,Terminal_Swing
-38,9,48,Terminal_Swing
-38,9,48,Terminal_Swing
-38,10,48,Terminal_Swing
-38,9,48,Terminal_Swing
-38,9,48,Terminal_Swing
-38,9,48,Terminal_Swing
-38,9,48,Terminal_Swing
-38,9,48,Terminal_Swing
-38,9,48,Terminal_Swing
-38,9,48,Terminal_Swing
-38,9,48,Terminal_Swing
-38,9,48,Terminal_Swing
-38,9,48,Terminal_Swing
-38,9,48,Terminal_Swing
-38,9,48,Terminal_Swing
-38,9,48,Terminal_Swing
-38,9,48,Terminal_Swing
-38,9,48,Terminal_Swing
-38,9,48,Terminal_Swing
-38,9,48,Terminal_Swing
-38,9,48,Terminal_Swing
-38,9,48,Terminal_Swing
-38,9,48,Terminal_Swing
-38,9,48,Terminal_Swing
-38,9,48,Terminal_Swing
-38,9,48,Terminal_Swing
-38,9,48,Terminal_Swing
-38,9,48,Terminal_Swing
-38,9,48,Terminal_Swing
-38,9,48,Terminal_Swing
-38,9,48,Terminal_Swing
-38,9,48,Terminal_Swing
-38,9,48,Terminal_Swing
-38,9,48,Terminal_Swing
-38,9,48,Terminal_Swing
-38,9,48,Terminal_Swing
-38,9,48,Terminal_Swing
-38,9,48,Terminal_Swing
-38,9,48,Terminal_Swing
-38,9,48,Terminal_Swing
-38,9,48,Terminal_Swing
-38,9,48,Terminal_Swing
-38,9,48,Terminal_Swing
-38,9,48,Terminal_Swing
-38,9,48,Terminal_Swing
-38,9,48,Terminal_Swing
-38,9,48,Terminal_Swing
-38,9,48,Terminal_Swing
-38,9,48,Terminal_Swing
-38,9,48,Terminal_Swing
-38,9,48,Terminal_Swing
-38,9,48,Terminal_Swing
-38,9,48,Terminal_Swing
-38,9,48,Terminal_Swing
-38,9,48,Terminal_Swing
-38,9,48,Terminal_Swing
-38,9,48,Terminal_Swing
-38,9,48,Terminal_Swing
-38,9,48,Terminal_Swing
-38,9,48,Terminal_Swing
-38,9,48,Terminal_Swing
-38,9,48,Terminal_Swing
-38,9,48,Terminal_Swing
-38,9,48,Terminal_Swing
-38,9,48,Terminal_Swing
-38,9,48,Terminal_Swing
-38,9,48,Terminal_Swing
-38,9,48,Terminal_Swing
-38,9,48,Terminal_Swing
-38,9,48,Terminal_Swing
-38,9,48,Terminal_Swing
-38,9,48,Terminal_Swing
-38,9,48,Terminal_Swing
-38,9,48,Terminal_Swing
-38,9,48,Terminal_Swing
-38,9,48,Terminal_Swing
-38,9,48,Terminal_Swing
-38,9,48,Terminal_Swing
-38,9,48,Terminal_Swing
-38,9,48,Terminal_Swing
-38,9,48,Terminal_Swing
-38,9,48,Terminal_Swing
-38,9,48,Terminal_Swing
-38,9,48,Terminal_Swing
-38,9,48,Terminal_Swing
-38,9,48,Terminal_Swing
-38,9,48,Terminal_Swing
-38,9,48,Terminal_Swing
-38,9,48,Terminal_Swing
-38,9,48,Terminal_Swing
-38,9,48,Terminal_Swing
-38,9,48,Terminal_Swing
-38,9,48,Terminal_Swing
-38,9,48,Terminal_Swing
-38,9,48,Terminal_Swing
-38,9,48,Terminal_Swing
-38,9,48,Terminal_Swing
-38,9,48,Terminal_Swing
-38,9,48,Terminal_Swing
-38,9,48,Terminal_Swing
-38,9,48,Terminal_Swing
-38,9,48,Terminal_Swing
-38,9,48,Terminal_Swing
-38,9,48,Terminal_Swing
-38,9,48,Terminal_Swing
-38,9,48,Terminal_Swing
-38,9,48,Terminal_Swing
-38,9,48,Terminal_Swing
-38,9,48,Terminal_Swing
-38,9,48,Terminal_Swing
-38,9,48,Terminal_Swing
-38,9,48,Terminal_Swing
-38,9,48,Terminal_Swing
-38,9,48,Terminal_Swing
-38,9,48,Terminal_Swing
-38,9,48,Terminal_Swing
-38,9,48,Terminal_Swing
-38,9,48,Terminal_Swing
-38,9,48,Terminal_Swing
-38,9,48,Terminal_Swing
-38,9,48,Terminal_Swing
-38,9,48,Terminal_Swing
-38,9,48,Terminal_Swing
-38,9,48,Terminal_Swing
-38,9,48,Terminal_Swing
-38,9,48,Terminal_Swing
-38,9,48,Terminal_Swing
-38,9,48,Terminal_Swing
-38,9,48,Terminal_Swing
-38,9,48,Terminal_Swing
-38,9,48,Terminal_Swing
-38,9,48,Terminal_Swing
-38,10,48,Terminal_Swing
-38,10,48,Terminal_Swing
-38,10,48,Terminal_Swing
-38,10,48,Terminal_Swing
-38,10,48,Terminal_Swing
-38,10,48,Terminal_Swing
-38,10,48,Terminal_Swing
-38,10,48,Terminal_Swing
-38,10,48,Terminal_Swing
-38,10,48,Terminal_Swing
-38,10,48,Terminal_Swing
-38,10,48,Terminal_Swing
-38,10,48,Terminal_Swing
-38,10,48,Terminal_Swing
-38,10,48,Terminal_Swing
-38,10,48,Terminal_Swing
-38,10,48,Terminal_Swing
-38,10,48,Terminal_Swing
-38,10,48,Terminal_Swing
-38,10,48,Terminal_Swing
-38,10,48,Terminal_Swing
-38,10,48,Terminal_Swing
-38,10,48,Terminal_Swing
-38,10,48,Terminal_Swing
-38,10,48,Terminal_Swing
-38,10,48,Terminal_Swing
-38,10,48,Terminal_Swing
-38,10,48,Terminal_Swing
-38,10,48,Terminal_Swing
-38,10,48,Terminal_Swing
-38,10,48,Terminal_Swing
-38,10,48,Terminal_Swing
-38,10,48,Terminal_Swing
-38,10,48,Terminal_Swing
-38,10,48,Terminal_Swing
-38,10,48,Terminal_Swing
-38,10,48,Terminal_Swing
-38,10,48,Terminal_Swing
-38,10,48,Terminal_Swing
-38,10,48,Terminal_Swing
-38,10,48,Terminal_Swing
-38,10,48,Terminal_Swing
-38,10,48,Terminal_Swing
-38,10,48,Terminal_Swing
-38,10,48,Terminal_Swing
-38,10,48,Terminal_Swing
-38,10,48,Terminal_Swing
-38,10,48,Terminal_Swing
-38,10,48,Terminal_Swing
-38,10,48,Terminal_Swing
-38,10,48,Terminal_Swing
-38,10,48,Terminal_Swing
-38,10,48,Terminal_Swing
-38,10,48,Terminal_Swing
-38,10,48,Terminal_Swing
-38,10,48,Terminal_Swing
-38,10,48,Terminal_Swing
-38,10,48,Terminal_Swing
-38,10,48,Terminal_Swing
-38,10,48,Terminal_Swing
-38,10,48,Terminal_Swing
-38,10,48,Terminal_Swing
-38,10,48,Terminal_Swing
-38,10,48,Terminal_Swing
-38,10,48,Terminal_Swing
-38,10,48,Terminal_Swing
-38,10,48,Terminal_Swing
-38,9,48,Terminal_Swing
-38,9,48,Terminal_Swing
-38,9,48,Terminal_Swing
-38,9,48,Terminal_Swing
-38,9,48,Terminal_Swing
-38,9,48,Terminal_Swing
-38,9,48,Terminal_Swing
-38,9,48,Terminal_Swing
-38,9,48,Terminal_Swing
-39,9,48,Terminal_Swing
-39,9,48,Terminal_Swing
-39,9,48,Terminal_Swing
-39,9,48,Terminal_Swing
-39,9,48,Terminal_Swing
-39,9,48,Terminal_Swing
-39,9,48,Terminal_Swing
-39,9,48,Terminal_Swing
-39,9,48,Terminal_Swing
-39,9,48,Terminal_Swing
-39,10,48,Terminal_Swing
-39,10,48,Terminal_Swing
-39,10,48,Terminal_Swing
-39,10,48,Terminal_Swing
-39,10,49,Terminal_Swing
-39,10,49,Terminal_Swing
-39,10,49,Terminal_Swing
-39,10,49,Terminal_Swing
-39,10,49,Terminal_Swing
-39,10,49,Terminal_Swing
-39,10,49,Terminal_Swing
-39,10,49,Terminal_Swing
-39,10,49,Terminal_Swing
-39,10,49,Terminal_Swing
-39,10,49,Terminal_Swing
-39,10,49,Terminal_Swing
-39,10,49,Terminal_Swing
-39,10,50,Terminal_Swing
-39,10,50,Terminal_Swing
-39,10,50,Terminal_Swing
-39,10,50,Terminal_Swing
-39,11,50,Terminal_Swing
-39,11,50,Terminal_Swing
-39,11,50,Terminal_Swing
-39,11,50,Terminal_Swing
-39,11,50,Terminal_Swing
-39,11,50,Terminal_Swing
-39,11,50,Terminal_Swing
-39,11,50,Terminal_Swing
-39,11,50,Terminal_Swing
-39,11,50,Terminal_Swing
-40,11,51,Terminal_Swing
-40,11,51,Terminal_Swing
-40,11,51,Terminal_Swing
-40,11,51,Terminal_Swing
-40,11,51,Terminal_Swing
-40,11,51,Terminal_Swing
-40,11,51,Terminal_Swing
-40,11,51,Terminal_Swing
-40,11,51,Terminal_Swing
-40,11,51,Terminal_Swing
-40,11,51,Terminal_Swing
-40,11,51,Terminal_Swing
-40,11,51,Terminal_Swing
-40,11,51,Terminal_Swing
-40,11,51,Terminal_Swing
-40,11,52,Terminal_Swing
-40,11,52,Terminal_Swing
-40,12,52,Terminal_Swing
-40,12,52,Terminal_Swing
-40,12,52,Terminal_Swing
-40,12,52,Terminal_Swing
-40,12,52,Terminal_Swing
-40,12,52,Terminal_Swing
-40,12,52,Terminal_Swing
-40,12,52,Terminal_Swing
-40,12,52,Terminal_Swing
-40,12,52,Terminal_Swing
-40,12,52,Terminal_Swing
-41,12,52,Terminal_Swing
-41,12,52,Terminal_Swing
-41,12,53,Terminal_Swing
-41,12,53,Terminal_Swing
-41,12,53,Terminal_Swing
-41,12,53,Terminal_Swing
-41,12,53,Terminal_Swing
-41,12,53,Terminal_Swing
-41,12,53,Terminal_Swing
-41,12,53,Terminal_Swing
-41,12,53,Terminal_Swing
-41,12,53,Terminal_Swing
-41,12,53,Terminal_Swing
-41,12,53,Terminal_Swing
-41,13,53,Terminal_Swing
-41,13,53,Terminal_Swing
-41,13,53,Terminal_Swing
-41,13,54,Terminal_Swing
-41,13,54,Terminal_Swing
-41,13,54,Terminal_Swing
-41,13,54,Terminal_Swing
-41,13,54,Terminal_Swing
-41,13,54,Terminal_Swing
-41,13,54,Terminal_Swing
-41,13,54,Terminal_Swing
-41,13,54,Terminal_Swing
-41,13,54,Terminal_Swing
-41,13,54,Terminal_Swing
-41,13,54,Terminal_Swing
-41,13,54,Terminal_Swing
-41,13,54,Terminal_Swing
-41,13,54,Terminal_Swing
-41,13,54,Terminal_Swing
-41,13,55,Terminal_Swing
-41,14,55,Terminal_Swing
-41,14,55,Terminal_Swing
-41,14,55,Terminal_Swing
-41,14,55,Terminal_Swing
-41,14,55,Terminal_Swing
-41,14,55,Terminal_Swing
-41,14,55,Terminal_Swing
-41,14,55,Terminal_Swing
-41,14,55,Terminal_Swing
-41,14,55,Terminal_Swing
-41,14,55,Terminal_Swing
-41,14,55,Terminal_Swing
-41,14,55,Terminal_Swing
-41,14,55,Terminal_Swing
-41,14,55,Terminal_Swing
-41,14,55,Terminal_Swing
-41,14,56,Terminal_Swing
-41,14,56,Terminal_Swing
-41,14,56,Terminal_Swing
-41,14,56,Terminal_Swing
-41,14,56,Terminal_Swing
-41,14,56,Terminal_Swing
-41,14,56,Terminal_Swing
-41,15,56,Terminal_Swing
-41,15,56,Terminal_Swing
-41,15,56,Terminal_Swing
-42,15,56,Terminal_Swing
-42,15,56,Terminal_Swing
-42,15,56,Terminal_Swing
-42,15,56,Terminal_Swing
-42,15,56,Terminal_Swing
-42,15,57,Terminal_Swing
-42,15,57,Terminal_Swing
-42,15,57,Terminal_Swing
-41,15,57,Terminal_Swing
-41,15,57,Terminal_Swing
-41,15,57,Terminal_Swing
-41,15,57,Terminal_Swing
-41,15,57,Terminal_Swing
-41,16,57,Terminal_Swing
-41,16,57,Terminal_Swing
-42,16,57,Terminal_Swing
-42,16,57,Terminal_Swing
-42,16,57,Terminal_Swing
-42,16,57,Terminal_Swing
-42,16,57,Terminal_Swing
-42,16,58,Terminal_Swing
-42,16,58,Terminal_Swing
-42,16,58,Terminal_Swing
-42,16,58,Terminal_Swing
-42,16,58,Terminal_Swing
-42,16,58,Terminal_Swing
-42,16,58,Terminal_Swing
-42,16,58,Terminal_Swing
-42,16,58,Terminal_Swing
-42,16,58,Terminal_Swing
-42,16,58,Terminal_Swing
-42,16,58,Terminal_Swing
-42,17,58,Terminal_Swing
-42,17,58,Terminal_Swing
-42,17,58,Terminal_Swing
-42,17,58,Terminal_Swing
-42,17,58,Terminal_Swing
-42,17,59,Terminal_Swing
-42,17,59,Terminal_Swing
-42,17,59,Terminal_Swing
-42,17,59,Terminal_Swing
-42,17,59,Terminal_Swing
-42,17,59,Terminal_Swing
-42,17,59,Terminal_Swing
-42,17,59,Terminal_Swing
-42,17,59,Terminal_Swing
-42,17,59,Terminal_Swing
-42,17,59,Terminal_Swing
-42,17,59,Terminal_Swing
-42,17,59,Terminal_Swing
-42,17,59,Terminal_Swing
-42,17,59,Terminal_Swing
-42,17,59,Terminal_Swing
-42,17,59,Terminal_Swing
-42,17,59,Terminal_Swing
-42,17,59,Terminal_Swing
-42,17,59,Terminal_Swing
-42,17,59,Terminal_Swing
-42,17,59,Terminal_Swing
-42,17,59,Terminal_Swing
-42,17,59,Terminal_Swing
-42,18,59,Terminal_Swing
-42,18,59,Terminal_Swing
-42,18,59,Terminal_Swing
-42,18,60,Terminal_Swing
-42,18,60,Terminal_Swing
-42,18,60,Terminal_Swing
-42,18,60,Terminal_Swing
-42,18,60,Terminal_Swing
-42,18,60,Terminal_Swing
-42,18,60,Terminal_Swing
-42,18,60,Terminal_Swing
-42,18,60,Terminal_Swing
-42,18,60,Terminal_Swing
-42,18,60,Terminal_Swing
-42,18,60,Terminal_Swing
-42,18,60,Terminal_Swing
-42,18,60,Terminal_Swing
-42,18,60,Terminal_Swing
-42,18,60,Terminal_Swing
-42,18,60,Terminal_Swing
-42,18,60,Terminal_Swing
-42,18,60,Terminal_Swing
-42,18,60,Terminal_Swing
-42,18,60,Terminal_Swing
-42,18,60,Terminal_Swing
-42,18,60,Terminal_Swing
-42,18,60,Terminal_Swing
-42,18,60,Terminal_Swing
-42,18,60,Terminal_Swing
-42,18,60,Terminal_Swing
-42,18,60,Terminal_Swing
-42,18,60,Terminal_Swing
-42,18,60,Terminal_Swing
-42,18,60,Terminal_Swing
-42,18,60,Terminal_Swing
-42,18,60,Terminal_Swing
-42,18,60,Terminal_Swing
-42,18,60,Terminal_Swing
-42,18,60,Terminal_Swing
-42,18,60,Terminal_Swing
-42,18,60,Terminal_Swing
-42,18,60,Terminal_Swing
-42,18,61,Terminal_Swing
-42,18,61,Terminal_Swing
-42,18,61,Terminal_Swing
-42,19,61,Terminal_Swing
-42,19,61,Terminal_Swing
-42,19,61,Terminal_Swing
-42,19,61,Terminal_Swing
-42,19,61,Terminal_Swing
-42,19,61,Terminal_Swing
-42,19,61,Terminal_Swing
-42,19,61,Terminal_Swing
-42,19,61,Terminal_Swing
-42,19,61,Terminal_Swing
-42,19,61,Terminal_Swing
-42,19,61,Terminal_Swing
-42,19,61,Terminal_Swing
-42,19,61,Terminal_Swing
-42,19,61,Terminal_Swing
-42,19,61,Terminal_Swing
-42,19,61,Terminal_Swing
